<?xml version="1.0" encoding="UTF-8"?>
<userSetting name="D:/UNIversum/Semester-4/Digilab/Extra/Einarminger_Bandit/promote.xml" version="Diamond (64-bit) 3.10.0.111.2" date="Sat Mar 30 15:00:01 2019" vendor="Lattice Semiconductor Corporation" >
  <msg mid="35921504" type="Info" />
  <msg mid="35931002" type="Warning" />
  <msg mid="35921177" type="Warning" />
  <msg mid="35921400" type="Info" />
  <msg mid="35921205" type="Warning" />
  <msg mid="35921077" type="Error" />
  <msg mid="35921251" type="Warning" />
  <msg mid="35921613" type="Warning" />
  <msg mid="35921303" type="Warning" />
</userSetting>
