<?xml version="1.0" encoding="UTF-8"?>
<BaliMessageLog>
    <Task name="Map">
        <Message>
            <ID>52101259</ID>
            <Severity>Warning</Severity>
            <Dynamic>I15/win_or_lose_I_0_set</Dynamic>
        </Message>
        <Message>
            <ID>51001030</ID>
            <Severity>Warning</Severity>
            <Dynamic>VCC_net</Dynamic>
        </Message>
    </Task>
    <Task name="Lattice_Synthesis">
        <Message>
            <ID>35002000</ID>
            <Severity>Info</Severity>
        </Message>
        <Message>
            <ID>35001781</ID>
            <Severity>Info</Severity>
        </Message>
        <Message>
            <ID>35921012</ID>
            <Severity>Info</Severity>
            <Dynamic>d:/universum/semester-4/digilab/extra/einarminger_bandit/ct.vhd(14): </Dynamic>
            <Dynamic>ct</Dynamic>
            <Navigation>d:/universum/semester-4/digilab/extra/einarminger_bandit/ct.vhd</Navigation>
            <Navigation>14</Navigation>
        </Message>
        <Message>
            <ID>35921010</ID>
            <Severity>Info</Severity>
            <Dynamic>d:/universum/semester-4/digilab/extra/einarminger_bandit/ct.vhd(22): </Dynamic>
            <Dynamic>structure</Dynamic>
            <Navigation>d:/universum/semester-4/digilab/extra/einarminger_bandit/ct.vhd</Navigation>
            <Navigation>22</Navigation>
        </Message>
        <Message>
            <ID>35921012</ID>
            <Severity>Info</Severity>
            <Dynamic>d:/universum/semester-4/digilab/extra/einarminger_bandit/clkgen.vhd(11): </Dynamic>
            <Dynamic>clkgen</Dynamic>
            <Navigation>d:/universum/semester-4/digilab/extra/einarminger_bandit/clkgen.vhd</Navigation>
            <Navigation>11</Navigation>
        </Message>
        <Message>
            <ID>35921010</ID>
            <Severity>Info</Severity>
            <Dynamic>d:/universum/semester-4/digilab/extra/einarminger_bandit/clkgen.vhd(22): </Dynamic>
            <Dynamic>behavior</Dynamic>
            <Navigation>d:/universum/semester-4/digilab/extra/einarminger_bandit/clkgen.vhd</Navigation>
            <Navigation>22</Navigation>
        </Message>
        <Message>
            <ID>35921012</ID>
            <Severity>Info</Severity>
            <Dynamic>d:/universum/semester-4/digilab/extra/einarminger_bandit/ct.vhd(14): </Dynamic>
            <Dynamic>ct</Dynamic>
            <Navigation>d:/universum/semester-4/digilab/extra/einarminger_bandit/ct.vhd</Navigation>
            <Navigation>14</Navigation>
        </Message>
        <Message>
            <ID>35921010</ID>
            <Severity>Info</Severity>
            <Dynamic>d:/universum/semester-4/digilab/extra/einarminger_bandit/ct.vhd(22): </Dynamic>
            <Dynamic>structure</Dynamic>
            <Navigation>d:/universum/semester-4/digilab/extra/einarminger_bandit/ct.vhd</Navigation>
            <Navigation>22</Navigation>
        </Message>
        <Message>
            <ID>35921012</ID>
            <Severity>Info</Severity>
            <Dynamic>d:/universum/semester-4/digilab/extra/einarminger_bandit/ct.vhd(14): </Dynamic>
            <Dynamic>ct</Dynamic>
            <Navigation>d:/universum/semester-4/digilab/extra/einarminger_bandit/ct.vhd</Navigation>
            <Navigation>14</Navigation>
        </Message>
        <Message>
            <ID>35921010</ID>
            <Severity>Info</Severity>
            <Dynamic>d:/universum/semester-4/digilab/extra/einarminger_bandit/ct.vhd(22): </Dynamic>
            <Dynamic>structure</Dynamic>
            <Navigation>d:/universum/semester-4/digilab/extra/einarminger_bandit/ct.vhd</Navigation>
            <Navigation>22</Navigation>
        </Message>
        <Message>
            <ID>35921012</ID>
            <Severity>Info</Severity>
            <Dynamic>d:/universum/semester-4/digilab/extra/einarminger_bandit/anzeigenmux.vhd(9): </Dynamic>
            <Dynamic>anzeigenmux</Dynamic>
            <Navigation>d:/universum/semester-4/digilab/extra/einarminger_bandit/anzeigenmux.vhd</Navigation>
            <Navigation>9</Navigation>
        </Message>
        <Message>
            <ID>35921010</ID>
            <Severity>Info</Severity>
            <Dynamic>d:/universum/semester-4/digilab/extra/einarminger_bandit/anzeigenmux.vhd(17): </Dynamic>
            <Dynamic>tec</Dynamic>
            <Navigation>d:/universum/semester-4/digilab/extra/einarminger_bandit/anzeigenmux.vhd</Navigation>
            <Navigation>17</Navigation>
        </Message>
        <Message>
            <ID>35921012</ID>
            <Severity>Info</Severity>
            <Dynamic>d:/universum/semester-4/digilab/extra/einarminger_bandit/siebensegment_text_stepper.vhd(8): </Dynamic>
            <Dynamic>siebensegment_text_stepper</Dynamic>
            <Navigation>d:/universum/semester-4/digilab/extra/einarminger_bandit/siebensegment_text_stepper.vhd</Navigation>
            <Navigation>8</Navigation>
        </Message>
        <Message>
            <ID>35921010</ID>
            <Severity>Info</Severity>
            <Dynamic>d:/universum/semester-4/digilab/extra/einarminger_bandit/siebensegment_text_stepper.vhd(15): </Dynamic>
            <Dynamic>tec</Dynamic>
            <Navigation>d:/universum/semester-4/digilab/extra/einarminger_bandit/siebensegment_text_stepper.vhd</Navigation>
            <Navigation>15</Navigation>
        </Message>
        <Message>
            <ID>35921012</ID>
            <Severity>Info</Severity>
            <Dynamic>d:/universum/semester-4/digilab/extra/einarminger_bandit/state_manager.vhd(9): </Dynamic>
            <Dynamic>state_manager</Dynamic>
            <Navigation>d:/universum/semester-4/digilab/extra/einarminger_bandit/state_manager.vhd</Navigation>
            <Navigation>9</Navigation>
        </Message>
        <Message>
            <ID>35921010</ID>
            <Severity>Info</Severity>
            <Dynamic>d:/universum/semester-4/digilab/extra/einarminger_bandit/state_manager.vhd(15): </Dynamic>
            <Dynamic>tec</Dynamic>
            <Navigation>d:/universum/semester-4/digilab/extra/einarminger_bandit/state_manager.vhd</Navigation>
            <Navigation>15</Navigation>
        </Message>
        <Message>
            <ID>35921012</ID>
            <Severity>Info</Severity>
            <Dynamic>d:/universum/semester-4/digilab/extra/einarminger_bandit/rolle.vhd(10): </Dynamic>
            <Dynamic>rolle</Dynamic>
            <Navigation>d:/universum/semester-4/digilab/extra/einarminger_bandit/rolle.vhd</Navigation>
            <Navigation>10</Navigation>
        </Message>
        <Message>
            <ID>35921010</ID>
            <Severity>Info</Severity>
            <Dynamic>d:/universum/semester-4/digilab/extra/einarminger_bandit/rolle.vhd(16): </Dynamic>
            <Dynamic>tec</Dynamic>
            <Navigation>d:/universum/semester-4/digilab/extra/einarminger_bandit/rolle.vhd</Navigation>
            <Navigation>16</Navigation>
        </Message>
        <Message>
            <ID>35921012</ID>
            <Severity>Info</Severity>
            <Dynamic>d:/universum/semester-4/digilab/extra/einarminger_bandit/rolle_text_mux.vhd(11): </Dynamic>
            <Dynamic>rolle_text_mux</Dynamic>
            <Navigation>d:/universum/semester-4/digilab/extra/einarminger_bandit/rolle_text_mux.vhd</Navigation>
            <Navigation>11</Navigation>
        </Message>
        <Message>
            <ID>35921010</ID>
            <Severity>Info</Severity>
            <Dynamic>d:/universum/semester-4/digilab/extra/einarminger_bandit/rolle_text_mux.vhd(19): </Dynamic>
            <Dynamic>tec</Dynamic>
            <Navigation>d:/universum/semester-4/digilab/extra/einarminger_bandit/rolle_text_mux.vhd</Navigation>
            <Navigation>19</Navigation>
        </Message>
        <Message>
            <ID>35921012</ID>
            <Severity>Info</Severity>
            <Dynamic>d:/universum/semester-4/digilab/extra/einarminger_bandit/rollen_mux_vergleicher.vhd(11): </Dynamic>
            <Dynamic>rollen_mux_vergleicher</Dynamic>
            <Navigation>d:/universum/semester-4/digilab/extra/einarminger_bandit/rollen_mux_vergleicher.vhd</Navigation>
            <Navigation>11</Navigation>
        </Message>
        <Message>
            <ID>35921010</ID>
            <Severity>Info</Severity>
            <Dynamic>d:/universum/semester-4/digilab/extra/einarminger_bandit/rollen_mux_vergleicher.vhd(19): </Dynamic>
            <Dynamic>tec</Dynamic>
            <Navigation>d:/universum/semester-4/digilab/extra/einarminger_bandit/rollen_mux_vergleicher.vhd</Navigation>
            <Navigation>19</Navigation>
        </Message>
        <Message>
            <ID>35921012</ID>
            <Severity>Info</Severity>
            <Dynamic>d:/universum/semester-4/digilab/extra/einarminger_bandit/siebensegment_decoder.vhd(9): </Dynamic>
            <Dynamic>siebensegment_decoder</Dynamic>
            <Navigation>d:/universum/semester-4/digilab/extra/einarminger_bandit/siebensegment_decoder.vhd</Navigation>
            <Navigation>9</Navigation>
        </Message>
        <Message>
            <ID>35921010</ID>
            <Severity>Info</Severity>
            <Dynamic>d:/universum/semester-4/digilab/extra/einarminger_bandit/siebensegment_decoder.vhd(15): </Dynamic>
            <Dynamic>tec</Dynamic>
            <Navigation>d:/universum/semester-4/digilab/extra/einarminger_bandit/siebensegment_decoder.vhd</Navigation>
            <Navigation>15</Navigation>
        </Message>
        <Message>
            <ID>35921012</ID>
            <Severity>Info</Severity>
            <Dynamic>d:/universum/semester-4/digilab/extra/einarminger_bandit/rollen_manager.vhd(9): </Dynamic>
            <Dynamic>rollen_manager</Dynamic>
            <Navigation>d:/universum/semester-4/digilab/extra/einarminger_bandit/rollen_manager.vhd</Navigation>
            <Navigation>9</Navigation>
        </Message>
        <Message>
            <ID>35921010</ID>
            <Severity>Info</Severity>
            <Dynamic>d:/universum/semester-4/digilab/extra/einarminger_bandit/rollen_manager.vhd(15): </Dynamic>
            <Dynamic>tec</Dynamic>
            <Navigation>d:/universum/semester-4/digilab/extra/einarminger_bandit/rollen_manager.vhd</Navigation>
            <Navigation>15</Navigation>
        </Message>
        <Message>
            <ID>35921012</ID>
            <Severity>Info</Severity>
            <Dynamic>d:/universum/semester-4/digilab/extra/einarminger_bandit/lichtmaschine.vhd(10): </Dynamic>
            <Dynamic>lichtmaschine</Dynamic>
            <Navigation>d:/universum/semester-4/digilab/extra/einarminger_bandit/lichtmaschine.vhd</Navigation>
            <Navigation>10</Navigation>
        </Message>
        <Message>
            <ID>35921010</ID>
            <Severity>Info</Severity>
            <Dynamic>d:/universum/semester-4/digilab/extra/einarminger_bandit/lichtmaschine.vhd(19): </Dynamic>
            <Dynamic>tec</Dynamic>
            <Navigation>d:/universum/semester-4/digilab/extra/einarminger_bandit/lichtmaschine.vhd</Navigation>
            <Navigation>19</Navigation>
        </Message>
        <Message>
            <ID>35921012</ID>
            <Severity>Info</Severity>
            <Dynamic>d:/universum/semester-4/digilab/extra/einarminger_bandit/musik/freqdiv_durchzwei.vhd(5): </Dynamic>
            <Dynamic>frqdiv_div2</Dynamic>
            <Navigation>d:/universum/semester-4/digilab/extra/einarminger_bandit/musik/freqdiv_durchzwei.vhd</Navigation>
            <Navigation>5</Navigation>
        </Message>
        <Message>
            <ID>35921010</ID>
            <Severity>Info</Severity>
            <Dynamic>d:/universum/semester-4/digilab/extra/einarminger_bandit/musik/freqdiv_durchzwei.vhd(11): </Dynamic>
            <Dynamic>tec</Dynamic>
            <Navigation>d:/universum/semester-4/digilab/extra/einarminger_bandit/musik/freqdiv_durchzwei.vhd</Navigation>
            <Navigation>11</Navigation>
        </Message>
        <Message>
            <ID>35921012</ID>
            <Severity>Info</Severity>
            <Dynamic>d:/universum/semester-4/digilab/extra/einarminger_bandit/musik/frqwandler.vhd(5): </Dynamic>
            <Dynamic>frqwandler</Dynamic>
            <Navigation>d:/universum/semester-4/digilab/extra/einarminger_bandit/musik/frqwandler.vhd</Navigation>
            <Navigation>5</Navigation>
        </Message>
        <Message>
            <ID>35921010</ID>
            <Severity>Info</Severity>
            <Dynamic>d:/universum/semester-4/digilab/extra/einarminger_bandit/musik/frqwandler.vhd(12): </Dynamic>
            <Dynamic>tec</Dynamic>
            <Navigation>d:/universum/semester-4/digilab/extra/einarminger_bandit/musik/frqwandler.vhd</Navigation>
            <Navigation>12</Navigation>
        </Message>
        <Message>
            <ID>35921012</ID>
            <Severity>Info</Severity>
            <Dynamic>d:/universum/semester-4/digilab/extra/einarminger_bandit/musik/notenblatt_track2.vhd(5): </Dynamic>
            <Dynamic>notenblatt_track2</Dynamic>
            <Navigation>d:/universum/semester-4/digilab/extra/einarminger_bandit/musik/notenblatt_track2.vhd</Navigation>
            <Navigation>5</Navigation>
        </Message>
        <Message>
            <ID>35921010</ID>
            <Severity>Info</Severity>
            <Dynamic>d:/universum/semester-4/digilab/extra/einarminger_bandit/musik/notenblatt_track2.vhd(11): </Dynamic>
            <Dynamic>tec</Dynamic>
            <Navigation>d:/universum/semester-4/digilab/extra/einarminger_bandit/musik/notenblatt_track2.vhd</Navigation>
            <Navigation>11</Navigation>
        </Message>
        <Message>
            <ID>35921012</ID>
            <Severity>Info</Severity>
            <Dynamic>d:/universum/semester-4/digilab/extra/einarminger_bandit/musik/state_generator.vhd(5): </Dynamic>
            <Dynamic>state_gen</Dynamic>
            <Navigation>d:/universum/semester-4/digilab/extra/einarminger_bandit/musik/state_generator.vhd</Navigation>
            <Navigation>5</Navigation>
        </Message>
        <Message>
            <ID>35921010</ID>
            <Severity>Info</Severity>
            <Dynamic>d:/universum/semester-4/digilab/extra/einarminger_bandit/musik/state_generator.vhd(11): </Dynamic>
            <Dynamic>tec</Dynamic>
            <Navigation>d:/universum/semester-4/digilab/extra/einarminger_bandit/musik/state_generator.vhd</Navigation>
            <Navigation>11</Navigation>
        </Message>
        <Message>
            <ID>35921504</ID>
            <Severity>Info</Severity>
            <Dynamic></Dynamic>
            <Dynamic>D:/UNIversum/Semester-4/Digilab/Extra/Einarminger_Bandit/impl1</Dynamic>
        </Message>
        <Message>
            <ID>35901018</ID>
            <Severity>Info</Severity>
            <Dynamic>d:/universum/semester-4/digilab/extra/einarminger_bandit/impl1/stepper_text.v(3): </Dynamic>
            <Dynamic>stepper_text</Dynamic>
            <Navigation>d:/universum/semester-4/digilab/extra/einarminger_bandit/impl1/stepper_text.v</Navigation>
            <Navigation>3</Navigation>
        </Message>
        <Message>
            <ID>35901231</ID>
            <Severity>Info</Severity>
            <Dynamic>d:/universum/semester-4/digilab/extra/einarminger_bandit/impl1/stepper_text.v(63): </Dynamic>
            <Dynamic>frqdiv_div2</Dynamic>
            <Navigation>d:/universum/semester-4/digilab/extra/einarminger_bandit/impl1/stepper_text.v</Navigation>
            <Navigation>63</Navigation>
        </Message>
        <Message>
            <ID>35901232</ID>
            <Severity>Info</Severity>
            <Dynamic>d:/universum/semester-4/digilab/extra/einarminger_bandit/impl1/stepper_text.v(63): </Dynamic>
            <Navigation>d:/universum/semester-4/digilab/extra/einarminger_bandit/impl1/stepper_text.v</Navigation>
            <Navigation>63</Navigation>
        </Message>
        <Message>
            <ID>35901231</ID>
            <Severity>Info</Severity>
            <Dynamic>d:/universum/semester-4/digilab/extra/einarminger_bandit/impl1/stepper_text.v(64): </Dynamic>
            <Dynamic>frqdiv_div2</Dynamic>
            <Navigation>d:/universum/semester-4/digilab/extra/einarminger_bandit/impl1/stepper_text.v</Navigation>
            <Navigation>64</Navigation>
        </Message>
        <Message>
            <ID>35921205</ID>
            <Severity>Warning</Severity>
            <Dynamic>d:/universum/semester-4/digilab/extra/einarminger_bandit/musik/freqdiv_durchzwei.vhd(8): </Dynamic>
            <Dynamic>frqdiv_div2</Dynamic>
            <Dynamic>tec</Dynamic>
            <Navigation>d:/universum/semester-4/digilab/extra/einarminger_bandit/musik/freqdiv_durchzwei.vhd</Navigation>
            <Navigation>8</Navigation>
        </Message>
        <Message>
            <ID>35901232</ID>
            <Severity>Info</Severity>
            <Dynamic>d:/universum/semester-4/digilab/extra/einarminger_bandit/impl1/stepper_text.v(64): </Dynamic>
            <Navigation>d:/universum/semester-4/digilab/extra/einarminger_bandit/impl1/stepper_text.v</Navigation>
            <Navigation>64</Navigation>
        </Message>
        <Message>
            <ID>35901231</ID>
            <Severity>Info</Severity>
            <Dynamic>d:/universum/semester-4/digilab/extra/einarminger_bandit/impl1/stepper_text.v(65): </Dynamic>
            <Dynamic>frqdiv_div2</Dynamic>
            <Navigation>d:/universum/semester-4/digilab/extra/einarminger_bandit/impl1/stepper_text.v</Navigation>
            <Navigation>65</Navigation>
        </Message>
        <Message>
            <ID>35901232</ID>
            <Severity>Info</Severity>
            <Dynamic>d:/universum/semester-4/digilab/extra/einarminger_bandit/impl1/stepper_text.v(65): </Dynamic>
            <Navigation>d:/universum/semester-4/digilab/extra/einarminger_bandit/impl1/stepper_text.v</Navigation>
            <Navigation>65</Navigation>
        </Message>
        <Message>
            <ID>35901231</ID>
            <Severity>Info</Severity>
            <Dynamic>d:/universum/semester-4/digilab/extra/einarminger_bandit/impl1/stepper_text.v(66): </Dynamic>
            <Dynamic>frqdiv_div2</Dynamic>
            <Navigation>d:/universum/semester-4/digilab/extra/einarminger_bandit/impl1/stepper_text.v</Navigation>
            <Navigation>66</Navigation>
        </Message>
        <Message>
            <ID>35901232</ID>
            <Severity>Info</Severity>
            <Dynamic>d:/universum/semester-4/digilab/extra/einarminger_bandit/impl1/stepper_text.v(66): </Dynamic>
            <Navigation>d:/universum/semester-4/digilab/extra/einarminger_bandit/impl1/stepper_text.v</Navigation>
            <Navigation>66</Navigation>
        </Message>
        <Message>
            <ID>35901231</ID>
            <Severity>Info</Severity>
            <Dynamic>d:/universum/semester-4/digilab/extra/einarminger_bandit/impl1/stepper_text.v(67): </Dynamic>
            <Dynamic>frqdiv_div2</Dynamic>
            <Navigation>d:/universum/semester-4/digilab/extra/einarminger_bandit/impl1/stepper_text.v</Navigation>
            <Navigation>67</Navigation>
        </Message>
        <Message>
            <ID>35901232</ID>
            <Severity>Info</Severity>
            <Dynamic>d:/universum/semester-4/digilab/extra/einarminger_bandit/impl1/stepper_text.v(67): </Dynamic>
            <Navigation>d:/universum/semester-4/digilab/extra/einarminger_bandit/impl1/stepper_text.v</Navigation>
            <Navigation>67</Navigation>
        </Message>
        <Message>
            <ID>35901231</ID>
            <Severity>Info</Severity>
            <Dynamic>d:/universum/semester-4/digilab/extra/einarminger_bandit/impl1/stepper_text.v(68): </Dynamic>
            <Dynamic>frqdiv_div2</Dynamic>
            <Navigation>d:/universum/semester-4/digilab/extra/einarminger_bandit/impl1/stepper_text.v</Navigation>
            <Navigation>68</Navigation>
        </Message>
        <Message>
            <ID>35901232</ID>
            <Severity>Info</Severity>
            <Dynamic>d:/universum/semester-4/digilab/extra/einarminger_bandit/impl1/stepper_text.v(68): </Dynamic>
            <Navigation>d:/universum/semester-4/digilab/extra/einarminger_bandit/impl1/stepper_text.v</Navigation>
            <Navigation>68</Navigation>
        </Message>
        <Message>
            <ID>35901231</ID>
            <Severity>Info</Severity>
            <Dynamic>d:/universum/semester-4/digilab/extra/einarminger_bandit/impl1/stepper_text.v(69): </Dynamic>
            <Dynamic>frqdiv_div2</Dynamic>
            <Navigation>d:/universum/semester-4/digilab/extra/einarminger_bandit/impl1/stepper_text.v</Navigation>
            <Navigation>69</Navigation>
        </Message>
        <Message>
            <ID>35901232</ID>
            <Severity>Info</Severity>
            <Dynamic>d:/universum/semester-4/digilab/extra/einarminger_bandit/impl1/stepper_text.v(69): </Dynamic>
            <Navigation>d:/universum/semester-4/digilab/extra/einarminger_bandit/impl1/stepper_text.v</Navigation>
            <Navigation>69</Navigation>
        </Message>
        <Message>
            <ID>35901231</ID>
            <Severity>Info</Severity>
            <Dynamic>d:/universum/semester-4/digilab/extra/einarminger_bandit/impl1/stepper_text.v(70): </Dynamic>
            <Dynamic>frqdiv_div2</Dynamic>
            <Navigation>d:/universum/semester-4/digilab/extra/einarminger_bandit/impl1/stepper_text.v</Navigation>
            <Navigation>70</Navigation>
        </Message>
        <Message>
            <ID>35901232</ID>
            <Severity>Info</Severity>
            <Dynamic>d:/universum/semester-4/digilab/extra/einarminger_bandit/impl1/stepper_text.v(70): </Dynamic>
            <Navigation>d:/universum/semester-4/digilab/extra/einarminger_bandit/impl1/stepper_text.v</Navigation>
            <Navigation>70</Navigation>
        </Message>
        <Message>
            <ID>35901231</ID>
            <Severity>Info</Severity>
            <Dynamic>d:/universum/semester-4/digilab/extra/einarminger_bandit/impl1/stepper_text.v(71): </Dynamic>
            <Dynamic>frqdiv_div2</Dynamic>
            <Navigation>d:/universum/semester-4/digilab/extra/einarminger_bandit/impl1/stepper_text.v</Navigation>
            <Navigation>71</Navigation>
        </Message>
        <Message>
            <ID>35901232</ID>
            <Severity>Info</Severity>
            <Dynamic>d:/universum/semester-4/digilab/extra/einarminger_bandit/impl1/stepper_text.v(71): </Dynamic>
            <Navigation>d:/universum/semester-4/digilab/extra/einarminger_bandit/impl1/stepper_text.v</Navigation>
            <Navigation>71</Navigation>
        </Message>
        <Message>
            <ID>35901018</ID>
            <Severity>Info</Severity>
            <Dynamic>C:/lscc/diamond/3.10_x64/ispfpga/userware/NT/SYNTHESIS_HEADERS/machxo2.v(43): </Dynamic>
            <Dynamic>AND2</Dynamic>
            <Navigation>C:/lscc/diamond/3.10_x64/ispfpga/userware/NT/SYNTHESIS_HEADERS/machxo2.v</Navigation>
            <Navigation>43</Navigation>
        </Message>
        <Message>
            <ID>35901231</ID>
            <Severity>Info</Severity>
            <Dynamic>d:/universum/semester-4/digilab/extra/einarminger_bandit/impl1/stepper_text.v(76): </Dynamic>
            <Dynamic>notenblatt_track2</Dynamic>
            <Navigation>d:/universum/semester-4/digilab/extra/einarminger_bandit/impl1/stepper_text.v</Navigation>
            <Navigation>76</Navigation>
        </Message>
        <Message>
            <ID>35921251</ID>
            <Severity>Warning</Severity>
            <Dynamic>d:/universum/semester-4/digilab/extra/einarminger_bandit/musik/notenblatt_track2.vhd(20): </Dynamic>
            <Dynamic>myarr</Dynamic>
            <Navigation>d:/universum/semester-4/digilab/extra/einarminger_bandit/musik/notenblatt_track2.vhd</Navigation>
            <Navigation>20</Navigation>
        </Message>
        <Message>
            <ID>35921613</ID>
            <Severity>Warning</Severity>
            <Dynamic>d:/universum/semester-4/digilab/extra/einarminger_bandit/musik/notenblatt_track2.vhd(21): </Dynamic>
            <Navigation>d:/universum/semester-4/digilab/extra/einarminger_bandit/musik/notenblatt_track2.vhd</Navigation>
            <Navigation>21</Navigation>
        </Message>
        <Message>
            <ID>35901232</ID>
            <Severity>Info</Severity>
            <Dynamic>d:/universum/semester-4/digilab/extra/einarminger_bandit/impl1/stepper_text.v(76): </Dynamic>
            <Navigation>d:/universum/semester-4/digilab/extra/einarminger_bandit/impl1/stepper_text.v</Navigation>
            <Navigation>76</Navigation>
        </Message>
        <Message>
            <ID>35901231</ID>
            <Severity>Info</Severity>
            <Dynamic>d:/universum/semester-4/digilab/extra/einarminger_bandit/impl1/stepper_text.v(78): </Dynamic>
            <Dynamic>state_gen</Dynamic>
            <Navigation>d:/universum/semester-4/digilab/extra/einarminger_bandit/impl1/stepper_text.v</Navigation>
            <Navigation>78</Navigation>
        </Message>
        <Message>
            <ID>35901232</ID>
            <Severity>Info</Severity>
            <Dynamic>d:/universum/semester-4/digilab/extra/einarminger_bandit/impl1/stepper_text.v(78): </Dynamic>
            <Navigation>d:/universum/semester-4/digilab/extra/einarminger_bandit/impl1/stepper_text.v</Navigation>
            <Navigation>78</Navigation>
        </Message>
        <Message>
            <ID>35901231</ID>
            <Severity>Info</Severity>
            <Dynamic>d:/universum/semester-4/digilab/extra/einarminger_bandit/impl1/stepper_text.v(80): </Dynamic>
            <Dynamic>frqwandler</Dynamic>
            <Navigation>d:/universum/semester-4/digilab/extra/einarminger_bandit/impl1/stepper_text.v</Navigation>
            <Navigation>80</Navigation>
        </Message>
        <Message>
            <ID>35901232</ID>
            <Severity>Info</Severity>
            <Dynamic>d:/universum/semester-4/digilab/extra/einarminger_bandit/impl1/stepper_text.v(80): </Dynamic>
            <Navigation>d:/universum/semester-4/digilab/extra/einarminger_bandit/impl1/stepper_text.v</Navigation>
            <Navigation>80</Navigation>
        </Message>
        <Message>
            <ID>35901231</ID>
            <Severity>Info</Severity>
            <Dynamic>d:/universum/semester-4/digilab/extra/einarminger_bandit/impl1/stepper_text.v(82): </Dynamic>
            <Dynamic>lichtmaschine</Dynamic>
            <Navigation>d:/universum/semester-4/digilab/extra/einarminger_bandit/impl1/stepper_text.v</Navigation>
            <Navigation>82</Navigation>
        </Message>
        <Message>
            <ID>35921251</ID>
            <Severity>Warning</Severity>
            <Dynamic>d:/universum/semester-4/digilab/extra/einarminger_bandit/lichtmaschine.vhd(32): </Dynamic>
            <Dynamic>counter_sig</Dynamic>
            <Navigation>d:/universum/semester-4/digilab/extra/einarminger_bandit/lichtmaschine.vhd</Navigation>
            <Navigation>32</Navigation>
        </Message>
        <Message>
            <ID>35921251</ID>
            <Severity>Warning</Severity>
            <Dynamic>d:/universum/semester-4/digilab/extra/einarminger_bandit/lichtmaschine.vhd(32): </Dynamic>
            <Dynamic>counter_sig</Dynamic>
            <Navigation>d:/universum/semester-4/digilab/extra/einarminger_bandit/lichtmaschine.vhd</Navigation>
            <Navigation>32</Navigation>
        </Message>
        <Message>
            <ID>35921251</ID>
            <Severity>Warning</Severity>
            <Dynamic>d:/universum/semester-4/digilab/extra/einarminger_bandit/lichtmaschine.vhd(38): </Dynamic>
            <Dynamic>counter_sig</Dynamic>
            <Navigation>d:/universum/semester-4/digilab/extra/einarminger_bandit/lichtmaschine.vhd</Navigation>
            <Navigation>38</Navigation>
        </Message>
        <Message>
            <ID>35921251</ID>
            <Severity>Warning</Severity>
            <Dynamic>d:/universum/semester-4/digilab/extra/einarminger_bandit/lichtmaschine.vhd(46): </Dynamic>
            <Dynamic>counter_sig</Dynamic>
            <Navigation>d:/universum/semester-4/digilab/extra/einarminger_bandit/lichtmaschine.vhd</Navigation>
            <Navigation>46</Navigation>
        </Message>
        <Message>
            <ID>35921613</ID>
            <Severity>Warning</Severity>
            <Dynamic>d:/universum/semester-4/digilab/extra/einarminger_bandit/lichtmaschine.vhd(57): </Dynamic>
            <Navigation>d:/universum/semester-4/digilab/extra/einarminger_bandit/lichtmaschine.vhd</Navigation>
            <Navigation>57</Navigation>
        </Message>
        <Message>
            <ID>35901232</ID>
            <Severity>Info</Severity>
            <Dynamic>d:/universum/semester-4/digilab/extra/einarminger_bandit/impl1/stepper_text.v(82): </Dynamic>
            <Navigation>d:/universum/semester-4/digilab/extra/einarminger_bandit/impl1/stepper_text.v</Navigation>
            <Navigation>82</Navigation>
        </Message>
        <Message>
            <ID>35901018</ID>
            <Severity>Info</Severity>
            <Dynamic>C:/lscc/diamond/3.10_x64/ispfpga/userware/NT/SYNTHESIS_HEADERS/machxo2.v(563): </Dynamic>
            <Dynamic>INV</Dynamic>
            <Navigation>C:/lscc/diamond/3.10_x64/ispfpga/userware/NT/SYNTHESIS_HEADERS/machxo2.v</Navigation>
            <Navigation>563</Navigation>
        </Message>
        <Message>
            <ID>35901018</ID>
            <Severity>Info</Severity>
            <Dynamic>C:/lscc/diamond/3.10_x64/ispfpga/userware/NT/SYNTHESIS_HEADERS/machxo2.v(494): </Dynamic>
            <Dynamic>GSR</Dynamic>
            <Navigation>C:/lscc/diamond/3.10_x64/ispfpga/userware/NT/SYNTHESIS_HEADERS/machxo2.v</Navigation>
            <Navigation>494</Navigation>
        </Message>
        <Message>
            <ID>35901018</ID>
            <Severity>Info</Severity>
            <Dynamic>C:/lscc/diamond/3.10_x64/ispfpga/userware/NT/SYNTHESIS_HEADERS/machxo2.v(930): </Dynamic>
            <Dynamic>OR2</Dynamic>
            <Navigation>C:/lscc/diamond/3.10_x64/ispfpga/userware/NT/SYNTHESIS_HEADERS/machxo2.v</Navigation>
            <Navigation>930</Navigation>
        </Message>
        <Message>
            <ID>35901231</ID>
            <Severity>Info</Severity>
            <Dynamic>d:/universum/semester-4/digilab/extra/einarminger_bandit/impl1/stepper_text.v(107): </Dynamic>
            <Dynamic>rolle_text_mux</Dynamic>
            <Navigation>d:/universum/semester-4/digilab/extra/einarminger_bandit/impl1/stepper_text.v</Navigation>
            <Navigation>107</Navigation>
        </Message>
        <Message>
            <ID>35921251</ID>
            <Severity>Warning</Severity>
            <Dynamic>d:/universum/semester-4/digilab/extra/einarminger_bandit/rolle_text_mux.vhd(24): </Dynamic>
            <Dynamic>anz_an</Dynamic>
            <Navigation>d:/universum/semester-4/digilab/extra/einarminger_bandit/rolle_text_mux.vhd</Navigation>
            <Navigation>24</Navigation>
        </Message>
        <Message>
            <ID>35921251</ID>
            <Severity>Warning</Severity>
            <Dynamic>d:/universum/semester-4/digilab/extra/einarminger_bandit/rolle_text_mux.vhd(25): </Dynamic>
            <Dynamic>arm_down</Dynamic>
            <Navigation>d:/universum/semester-4/digilab/extra/einarminger_bandit/rolle_text_mux.vhd</Navigation>
            <Navigation>25</Navigation>
        </Message>
        <Message>
            <ID>35921251</ID>
            <Severity>Warning</Severity>
            <Dynamic>d:/universum/semester-4/digilab/extra/einarminger_bandit/rolle_text_mux.vhd(31): </Dynamic>
            <Dynamic>segments_rolle</Dynamic>
            <Navigation>d:/universum/semester-4/digilab/extra/einarminger_bandit/rolle_text_mux.vhd</Navigation>
            <Navigation>31</Navigation>
        </Message>
        <Message>
            <ID>35921251</ID>
            <Severity>Warning</Severity>
            <Dynamic>d:/universum/semester-4/digilab/extra/einarminger_bandit/rolle_text_mux.vhd(34): </Dynamic>
            <Dynamic>segments_text</Dynamic>
            <Navigation>d:/universum/semester-4/digilab/extra/einarminger_bandit/rolle_text_mux.vhd</Navigation>
            <Navigation>34</Navigation>
        </Message>
        <Message>
            <ID>35921613</ID>
            <Severity>Warning</Severity>
            <Dynamic>d:/universum/semester-4/digilab/extra/einarminger_bandit/rolle_text_mux.vhd(38): </Dynamic>
            <Navigation>d:/universum/semester-4/digilab/extra/einarminger_bandit/rolle_text_mux.vhd</Navigation>
            <Navigation>38</Navigation>
        </Message>
        <Message>
            <ID>35901232</ID>
            <Severity>Info</Severity>
            <Dynamic>d:/universum/semester-4/digilab/extra/einarminger_bandit/impl1/stepper_text.v(107): </Dynamic>
            <Navigation>d:/universum/semester-4/digilab/extra/einarminger_bandit/impl1/stepper_text.v</Navigation>
            <Navigation>107</Navigation>
        </Message>
        <Message>
            <ID>35901231</ID>
            <Severity>Info</Severity>
            <Dynamic>d:/universum/semester-4/digilab/extra/einarminger_bandit/impl1/stepper_text.v(112): </Dynamic>
            <Dynamic>rollen_mux_vergleicher</Dynamic>
            <Navigation>d:/universum/semester-4/digilab/extra/einarminger_bandit/impl1/stepper_text.v</Navigation>
            <Navigation>112</Navigation>
        </Message>
        <Message>
            <ID>35921251</ID>
            <Severity>Warning</Severity>
            <Dynamic>d:/universum/semester-4/digilab/extra/einarminger_bandit/rollen_mux_vergleicher.vhd(25): </Dynamic>
            <Dynamic>rolle3</Dynamic>
            <Navigation>d:/universum/semester-4/digilab/extra/einarminger_bandit/rollen_mux_vergleicher.vhd</Navigation>
            <Navigation>25</Navigation>
        </Message>
        <Message>
            <ID>35921251</ID>
            <Severity>Warning</Severity>
            <Dynamic>d:/universum/semester-4/digilab/extra/einarminger_bandit/rollen_mux_vergleicher.vhd(26): </Dynamic>
            <Dynamic>rolle2</Dynamic>
            <Navigation>d:/universum/semester-4/digilab/extra/einarminger_bandit/rollen_mux_vergleicher.vhd</Navigation>
            <Navigation>26</Navigation>
        </Message>
        <Message>
            <ID>35921251</ID>
            <Severity>Warning</Severity>
            <Dynamic>d:/universum/semester-4/digilab/extra/einarminger_bandit/rollen_mux_vergleicher.vhd(27): </Dynamic>
            <Dynamic>rolle1</Dynamic>
            <Navigation>d:/universum/semester-4/digilab/extra/einarminger_bandit/rollen_mux_vergleicher.vhd</Navigation>
            <Navigation>27</Navigation>
        </Message>
        <Message>
            <ID>35921251</ID>
            <Severity>Warning</Severity>
            <Dynamic>d:/universum/semester-4/digilab/extra/einarminger_bandit/rollen_mux_vergleicher.vhd(31): </Dynamic>
            <Dynamic>rolle1</Dynamic>
            <Navigation>d:/universum/semester-4/digilab/extra/einarminger_bandit/rollen_mux_vergleicher.vhd</Navigation>
            <Navigation>31</Navigation>
        </Message>
        <Message>
            <ID>35921251</ID>
            <Severity>Warning</Severity>
            <Dynamic>d:/universum/semester-4/digilab/extra/einarminger_bandit/rollen_mux_vergleicher.vhd(31): </Dynamic>
            <Dynamic>rolle2</Dynamic>
            <Navigation>d:/universum/semester-4/digilab/extra/einarminger_bandit/rollen_mux_vergleicher.vhd</Navigation>
            <Navigation>31</Navigation>
        </Message>
        <Message>
            <ID>35921251</ID>
            <Severity>Warning</Severity>
            <Dynamic>d:/universum/semester-4/digilab/extra/einarminger_bandit/rollen_mux_vergleicher.vhd(31): </Dynamic>
            <Dynamic>rolle1</Dynamic>
            <Navigation>d:/universum/semester-4/digilab/extra/einarminger_bandit/rollen_mux_vergleicher.vhd</Navigation>
            <Navigation>31</Navigation>
        </Message>
        <Message>
            <ID>35921251</ID>
            <Severity>Warning</Severity>
            <Dynamic>d:/universum/semester-4/digilab/extra/einarminger_bandit/rollen_mux_vergleicher.vhd(31): </Dynamic>
            <Dynamic>rolle3</Dynamic>
            <Navigation>d:/universum/semester-4/digilab/extra/einarminger_bandit/rollen_mux_vergleicher.vhd</Navigation>
            <Navigation>31</Navigation>
        </Message>
        <Message>
            <ID>35921251</ID>
            <Severity>Warning</Severity>
            <Dynamic>d:/universum/semester-4/digilab/extra/einarminger_bandit/rollen_mux_vergleicher.vhd(31): </Dynamic>
            <Dynamic>bandit_state</Dynamic>
            <Navigation>d:/universum/semester-4/digilab/extra/einarminger_bandit/rollen_mux_vergleicher.vhd</Navigation>
            <Navigation>31</Navigation>
        </Message>
        <Message>
            <ID>35921251</ID>
            <Severity>Warning</Severity>
            <Dynamic>d:/universum/semester-4/digilab/extra/einarminger_bandit/rollen_mux_vergleicher.vhd(33): </Dynamic>
            <Dynamic>rolle1</Dynamic>
            <Navigation>d:/universum/semester-4/digilab/extra/einarminger_bandit/rollen_mux_vergleicher.vhd</Navigation>
            <Navigation>33</Navigation>
        </Message>
        <Message>
            <ID>35921251</ID>
            <Severity>Warning</Severity>
            <Dynamic>d:/universum/semester-4/digilab/extra/einarminger_bandit/rollen_mux_vergleicher.vhd(33): </Dynamic>
            <Dynamic>rolle2</Dynamic>
            <Navigation>d:/universum/semester-4/digilab/extra/einarminger_bandit/rollen_mux_vergleicher.vhd</Navigation>
            <Navigation>33</Navigation>
        </Message>
        <Message>
            <ID>35921251</ID>
            <Severity>Warning</Severity>
            <Dynamic>d:/universum/semester-4/digilab/extra/einarminger_bandit/rollen_mux_vergleicher.vhd(33): </Dynamic>
            <Dynamic>rolle1</Dynamic>
            <Navigation>d:/universum/semester-4/digilab/extra/einarminger_bandit/rollen_mux_vergleicher.vhd</Navigation>
            <Navigation>33</Navigation>
        </Message>
        <Message>
            <ID>35921251</ID>
            <Severity>Warning</Severity>
            <Dynamic>d:/universum/semester-4/digilab/extra/einarminger_bandit/rollen_mux_vergleicher.vhd(33): </Dynamic>
            <Dynamic>rolle3</Dynamic>
            <Navigation>d:/universum/semester-4/digilab/extra/einarminger_bandit/rollen_mux_vergleicher.vhd</Navigation>
            <Navigation>33</Navigation>
        </Message>
        <Message>
            <ID>35921251</ID>
            <Severity>Warning</Severity>
            <Dynamic>d:/universum/semester-4/digilab/extra/einarminger_bandit/rollen_mux_vergleicher.vhd(33): </Dynamic>
            <Dynamic>bandit_state</Dynamic>
            <Navigation>d:/universum/semester-4/digilab/extra/einarminger_bandit/rollen_mux_vergleicher.vhd</Navigation>
            <Navigation>33</Navigation>
        </Message>
        <Message>
            <ID>35921613</ID>
            <Severity>Warning</Severity>
            <Dynamic>d:/universum/semester-4/digilab/extra/einarminger_bandit/rollen_mux_vergleicher.vhd(36): </Dynamic>
            <Navigation>d:/universum/semester-4/digilab/extra/einarminger_bandit/rollen_mux_vergleicher.vhd</Navigation>
            <Navigation>36</Navigation>
        </Message>
        <Message>
            <ID>35901232</ID>
            <Severity>Info</Severity>
            <Dynamic>d:/universum/semester-4/digilab/extra/einarminger_bandit/impl1/stepper_text.v(112): </Dynamic>
            <Navigation>d:/universum/semester-4/digilab/extra/einarminger_bandit/impl1/stepper_text.v</Navigation>
            <Navigation>112</Navigation>
        </Message>
        <Message>
            <ID>35901231</ID>
            <Severity>Info</Severity>
            <Dynamic>d:/universum/semester-4/digilab/extra/einarminger_bandit/impl1/stepper_text.v(114): </Dynamic>
            <Dynamic>siebensegment_decoder</Dynamic>
            <Navigation>d:/universum/semester-4/digilab/extra/einarminger_bandit/impl1/stepper_text.v</Navigation>
            <Navigation>114</Navigation>
        </Message>
        <Message>
            <ID>35901232</ID>
            <Severity>Info</Severity>
            <Dynamic>d:/universum/semester-4/digilab/extra/einarminger_bandit/impl1/stepper_text.v(114): </Dynamic>
            <Navigation>d:/universum/semester-4/digilab/extra/einarminger_bandit/impl1/stepper_text.v</Navigation>
            <Navigation>114</Navigation>
        </Message>
        <Message>
            <ID>35901231</ID>
            <Severity>Info</Severity>
            <Dynamic>d:/universum/semester-4/digilab/extra/einarminger_bandit/impl1/stepper_text.v(116): </Dynamic>
            <Dynamic>rolle</Dynamic>
            <Navigation>d:/universum/semester-4/digilab/extra/einarminger_bandit/impl1/stepper_text.v</Navigation>
            <Navigation>116</Navigation>
        </Message>
        <Message>
            <ID>35921251</ID>
            <Severity>Warning</Severity>
            <Dynamic>d:/universum/semester-4/digilab/extra/einarminger_bandit/rolle.vhd(27): </Dynamic>
            <Dynamic>rolle_aktiv</Dynamic>
            <Navigation>d:/universum/semester-4/digilab/extra/einarminger_bandit/rolle.vhd</Navigation>
            <Navigation>27</Navigation>
        </Message>
        <Message>
            <ID>35921613</ID>
            <Severity>Warning</Severity>
            <Dynamic>d:/universum/semester-4/digilab/extra/einarminger_bandit/rolle.vhd(59): </Dynamic>
            <Navigation>d:/universum/semester-4/digilab/extra/einarminger_bandit/rolle.vhd</Navigation>
            <Navigation>59</Navigation>
        </Message>
        <Message>
            <ID>35901232</ID>
            <Severity>Info</Severity>
            <Dynamic>d:/universum/semester-4/digilab/extra/einarminger_bandit/impl1/stepper_text.v(116): </Dynamic>
            <Navigation>d:/universum/semester-4/digilab/extra/einarminger_bandit/impl1/stepper_text.v</Navigation>
            <Navigation>116</Navigation>
        </Message>
        <Message>
            <ID>35901231</ID>
            <Severity>Info</Severity>
            <Dynamic>d:/universum/semester-4/digilab/extra/einarminger_bandit/impl1/stepper_text.v(118): </Dynamic>
            <Dynamic>rolle</Dynamic>
            <Navigation>d:/universum/semester-4/digilab/extra/einarminger_bandit/impl1/stepper_text.v</Navigation>
            <Navigation>118</Navigation>
        </Message>
        <Message>
            <ID>35921205</ID>
            <Severity>Warning</Severity>
            <Dynamic>d:/universum/semester-4/digilab/extra/einarminger_bandit/rolle.vhd(13): </Dynamic>
            <Dynamic>rolle</Dynamic>
            <Dynamic>tec</Dynamic>
            <Navigation>d:/universum/semester-4/digilab/extra/einarminger_bandit/rolle.vhd</Navigation>
            <Navigation>13</Navigation>
        </Message>
        <Message>
            <ID>35901232</ID>
            <Severity>Info</Severity>
            <Dynamic>d:/universum/semester-4/digilab/extra/einarminger_bandit/impl1/stepper_text.v(118): </Dynamic>
            <Navigation>d:/universum/semester-4/digilab/extra/einarminger_bandit/impl1/stepper_text.v</Navigation>
            <Navigation>118</Navigation>
        </Message>
        <Message>
            <ID>35901231</ID>
            <Severity>Info</Severity>
            <Dynamic>d:/universum/semester-4/digilab/extra/einarminger_bandit/impl1/stepper_text.v(120): </Dynamic>
            <Dynamic>rolle</Dynamic>
            <Navigation>d:/universum/semester-4/digilab/extra/einarminger_bandit/impl1/stepper_text.v</Navigation>
            <Navigation>120</Navigation>
        </Message>
        <Message>
            <ID>35901232</ID>
            <Severity>Info</Severity>
            <Dynamic>d:/universum/semester-4/digilab/extra/einarminger_bandit/impl1/stepper_text.v(120): </Dynamic>
            <Navigation>d:/universum/semester-4/digilab/extra/einarminger_bandit/impl1/stepper_text.v</Navigation>
            <Navigation>120</Navigation>
        </Message>
        <Message>
            <ID>35901231</ID>
            <Severity>Info</Severity>
            <Dynamic>d:/universum/semester-4/digilab/extra/einarminger_bandit/impl1/stepper_text.v(122): </Dynamic>
            <Dynamic>rollen_manager</Dynamic>
            <Navigation>d:/universum/semester-4/digilab/extra/einarminger_bandit/impl1/stepper_text.v</Navigation>
            <Navigation>122</Navigation>
        </Message>
        <Message>
            <ID>35901232</ID>
            <Severity>Info</Severity>
            <Dynamic>d:/universum/semester-4/digilab/extra/einarminger_bandit/impl1/stepper_text.v(122): </Dynamic>
            <Navigation>d:/universum/semester-4/digilab/extra/einarminger_bandit/impl1/stepper_text.v</Navigation>
            <Navigation>122</Navigation>
        </Message>
        <Message>
            <ID>35901231</ID>
            <Severity>Info</Severity>
            <Dynamic>d:/universum/semester-4/digilab/extra/einarminger_bandit/impl1/stepper_text.v(124): </Dynamic>
            <Dynamic>state_manager</Dynamic>
            <Navigation>d:/universum/semester-4/digilab/extra/einarminger_bandit/impl1/stepper_text.v</Navigation>
            <Navigation>124</Navigation>
        </Message>
        <Message>
            <ID>35901232</ID>
            <Severity>Info</Severity>
            <Dynamic>d:/universum/semester-4/digilab/extra/einarminger_bandit/impl1/stepper_text.v(124): </Dynamic>
            <Navigation>d:/universum/semester-4/digilab/extra/einarminger_bandit/impl1/stepper_text.v</Navigation>
            <Navigation>124</Navigation>
        </Message>
        <Message>
            <ID>35901231</ID>
            <Severity>Info</Severity>
            <Dynamic>d:/universum/semester-4/digilab/extra/einarminger_bandit/impl1/stepper_text.v(129): </Dynamic>
            <Dynamic>siebensegment_text_stepper</Dynamic>
            <Navigation>d:/universum/semester-4/digilab/extra/einarminger_bandit/impl1/stepper_text.v</Navigation>
            <Navigation>129</Navigation>
        </Message>
        <Message>
            <ID>35921251</ID>
            <Severity>Warning</Severity>
            <Dynamic>d:/universum/semester-4/digilab/extra/einarminger_bandit/siebensegment_text_stepper.vhd(51): </Dynamic>
            <Dynamic>bandit_state</Dynamic>
            <Navigation>d:/universum/semester-4/digilab/extra/einarminger_bandit/siebensegment_text_stepper.vhd</Navigation>
            <Navigation>51</Navigation>
        </Message>
        <Message>
            <ID>35921251</ID>
            <Severity>Warning</Severity>
            <Dynamic>d:/universum/semester-4/digilab/extra/einarminger_bandit/siebensegment_text_stepper.vhd(53): </Dynamic>
            <Dynamic>counter_sig</Dynamic>
            <Navigation>d:/universum/semester-4/digilab/extra/einarminger_bandit/siebensegment_text_stepper.vhd</Navigation>
            <Navigation>53</Navigation>
        </Message>
        <Message>
            <ID>35921251</ID>
            <Severity>Warning</Severity>
            <Dynamic>d:/universum/semester-4/digilab/extra/einarminger_bandit/siebensegment_text_stepper.vhd(60): </Dynamic>
            <Dynamic>counter_sig</Dynamic>
            <Navigation>d:/universum/semester-4/digilab/extra/einarminger_bandit/siebensegment_text_stepper.vhd</Navigation>
            <Navigation>60</Navigation>
        </Message>
        <Message>
            <ID>35921251</ID>
            <Severity>Warning</Severity>
            <Dynamic>d:/universum/semester-4/digilab/extra/einarminger_bandit/siebensegment_text_stepper.vhd(67): </Dynamic>
            <Dynamic>counter_sig</Dynamic>
            <Navigation>d:/universum/semester-4/digilab/extra/einarminger_bandit/siebensegment_text_stepper.vhd</Navigation>
            <Navigation>67</Navigation>
        </Message>
        <Message>
            <ID>35921613</ID>
            <Severity>Warning</Severity>
            <Dynamic>d:/universum/semester-4/digilab/extra/einarminger_bandit/siebensegment_text_stepper.vhd(75): </Dynamic>
            <Navigation>d:/universum/semester-4/digilab/extra/einarminger_bandit/siebensegment_text_stepper.vhd</Navigation>
            <Navigation>75</Navigation>
        </Message>
        <Message>
            <ID>35901232</ID>
            <Severity>Info</Severity>
            <Dynamic>d:/universum/semester-4/digilab/extra/einarminger_bandit/impl1/stepper_text.v(129): </Dynamic>
            <Navigation>d:/universum/semester-4/digilab/extra/einarminger_bandit/impl1/stepper_text.v</Navigation>
            <Navigation>129</Navigation>
        </Message>
        <Message>
            <ID>35901231</ID>
            <Severity>Info</Severity>
            <Dynamic>d:/universum/semester-4/digilab/extra/einarminger_bandit/impl1/stepper_text.v(132): </Dynamic>
            <Dynamic>anzeigenmux</Dynamic>
            <Navigation>d:/universum/semester-4/digilab/extra/einarminger_bandit/impl1/stepper_text.v</Navigation>
            <Navigation>132</Navigation>
        </Message>
        <Message>
            <ID>35921251</ID>
            <Severity>Warning</Severity>
            <Dynamic>d:/universum/semester-4/digilab/extra/einarminger_bandit/anzeigenmux.vhd(30): </Dynamic>
            <Dynamic>anz_an</Dynamic>
            <Navigation>d:/universum/semester-4/digilab/extra/einarminger_bandit/anzeigenmux.vhd</Navigation>
            <Navigation>30</Navigation>
        </Message>
        <Message>
            <ID>35921251</ID>
            <Severity>Warning</Severity>
            <Dynamic>d:/universum/semester-4/digilab/extra/einarminger_bandit/anzeigenmux.vhd(31): </Dynamic>
            <Dynamic>seg4</Dynamic>
            <Navigation>d:/universum/semester-4/digilab/extra/einarminger_bandit/anzeigenmux.vhd</Navigation>
            <Navigation>31</Navigation>
        </Message>
        <Message>
            <ID>35921251</ID>
            <Severity>Warning</Severity>
            <Dynamic>d:/universum/semester-4/digilab/extra/einarminger_bandit/anzeigenmux.vhd(32): </Dynamic>
            <Dynamic>seg3</Dynamic>
            <Navigation>d:/universum/semester-4/digilab/extra/einarminger_bandit/anzeigenmux.vhd</Navigation>
            <Navigation>32</Navigation>
        </Message>
        <Message>
            <ID>35921251</ID>
            <Severity>Warning</Severity>
            <Dynamic>d:/universum/semester-4/digilab/extra/einarminger_bandit/anzeigenmux.vhd(33): </Dynamic>
            <Dynamic>seg2</Dynamic>
            <Navigation>d:/universum/semester-4/digilab/extra/einarminger_bandit/anzeigenmux.vhd</Navigation>
            <Navigation>33</Navigation>
        </Message>
        <Message>
            <ID>35921251</ID>
            <Severity>Warning</Severity>
            <Dynamic>d:/universum/semester-4/digilab/extra/einarminger_bandit/anzeigenmux.vhd(34): </Dynamic>
            <Dynamic>seg1</Dynamic>
            <Navigation>d:/universum/semester-4/digilab/extra/einarminger_bandit/anzeigenmux.vhd</Navigation>
            <Navigation>34</Navigation>
        </Message>
        <Message>
            <ID>35921613</ID>
            <Severity>Warning</Severity>
            <Dynamic>d:/universum/semester-4/digilab/extra/einarminger_bandit/anzeigenmux.vhd(37): </Dynamic>
            <Navigation>d:/universum/semester-4/digilab/extra/einarminger_bandit/anzeigenmux.vhd</Navigation>
            <Navigation>37</Navigation>
        </Message>
        <Message>
            <ID>35901232</ID>
            <Severity>Info</Severity>
            <Dynamic>d:/universum/semester-4/digilab/extra/einarminger_bandit/impl1/stepper_text.v(132): </Dynamic>
            <Navigation>d:/universum/semester-4/digilab/extra/einarminger_bandit/impl1/stepper_text.v</Navigation>
            <Navigation>132</Navigation>
        </Message>
        <Message>
            <ID>35901231</ID>
            <Severity>Info</Severity>
            <Dynamic>d:/universum/semester-4/digilab/extra/einarminger_bandit/impl1/stepper_text.v(134): </Dynamic>
            <Dynamic>ClkGen</Dynamic>
            <Navigation>d:/universum/semester-4/digilab/extra/einarminger_bandit/impl1/stepper_text.v</Navigation>
            <Navigation>134</Navigation>
        </Message>
        <Message>
            <ID>35921399</ID>
            <Severity>Info</Severity>
            <Dynamic>d:/universum/semester-4/digilab/extra/einarminger_bandit/clkgen.vhd(39): </Dynamic>
            <Dynamic>OSCH</Dynamic>
            <Navigation>d:/universum/semester-4/digilab/extra/einarminger_bandit/clkgen.vhd</Navigation>
            <Navigation>39</Navigation>
        </Message>
        <Message>
            <ID>35901018</ID>
            <Severity>Info</Severity>
            <Dynamic>C:/lscc/diamond/3.10_x64/ispfpga/userware/NT/SYNTHESIS_HEADERS/machxo2.v(1793): </Dynamic>
            <Dynamic>OSCH</Dynamic>
            <Navigation>C:/lscc/diamond/3.10_x64/ispfpga/userware/NT/SYNTHESIS_HEADERS/machxo2.v</Navigation>
            <Navigation>1793</Navigation>
        </Message>
        <Message>
            <ID>35921400</ID>
            <Severity>Info</Severity>
            <Dynamic>d:/universum/semester-4/digilab/extra/einarminger_bandit/clkgen.vhd(39): </Dynamic>
            <Navigation>d:/universum/semester-4/digilab/extra/einarminger_bandit/clkgen.vhd</Navigation>
            <Navigation>39</Navigation>
        </Message>
        <Message>
            <ID>35921399</ID>
            <Severity>Info</Severity>
            <Dynamic>d:/universum/semester-4/digilab/extra/einarminger_bandit/ct.vhd(127): </Dynamic>
            <Dynamic>VHI</Dynamic>
            <Navigation>d:/universum/semester-4/digilab/extra/einarminger_bandit/ct.vhd</Navigation>
            <Navigation>127</Navigation>
        </Message>
        <Message>
            <ID>35901018</ID>
            <Severity>Info</Severity>
            <Dynamic>C:/lscc/diamond/3.10_x64/ispfpga/userware/NT/SYNTHESIS_HEADERS/machxo2.v(1120): </Dynamic>
            <Dynamic>VHI</Dynamic>
            <Navigation>C:/lscc/diamond/3.10_x64/ispfpga/userware/NT/SYNTHESIS_HEADERS/machxo2.v</Navigation>
            <Navigation>1120</Navigation>
        </Message>
        <Message>
            <ID>35921400</ID>
            <Severity>Info</Severity>
            <Dynamic>d:/universum/semester-4/digilab/extra/einarminger_bandit/ct.vhd(127): </Dynamic>
            <Navigation>d:/universum/semester-4/digilab/extra/einarminger_bandit/ct.vhd</Navigation>
            <Navigation>127</Navigation>
        </Message>
        <Message>
            <ID>35921399</ID>
            <Severity>Info</Severity>
            <Dynamic>d:/universum/semester-4/digilab/extra/einarminger_bandit/ct.vhd(130): </Dynamic>
            <Dynamic>VLO</Dynamic>
            <Navigation>d:/universum/semester-4/digilab/extra/einarminger_bandit/ct.vhd</Navigation>
            <Navigation>130</Navigation>
        </Message>
        <Message>
            <ID>35901018</ID>
            <Severity>Info</Severity>
            <Dynamic>C:/lscc/diamond/3.10_x64/ispfpga/userware/NT/SYNTHESIS_HEADERS/machxo2.v(1124): </Dynamic>
            <Dynamic>VLO</Dynamic>
            <Navigation>C:/lscc/diamond/3.10_x64/ispfpga/userware/NT/SYNTHESIS_HEADERS/machxo2.v</Navigation>
            <Navigation>1124</Navigation>
        </Message>
        <Message>
            <ID>35921400</ID>
            <Severity>Info</Severity>
            <Dynamic>d:/universum/semester-4/digilab/extra/einarminger_bandit/ct.vhd(130): </Dynamic>
            <Navigation>d:/universum/semester-4/digilab/extra/einarminger_bandit/ct.vhd</Navigation>
            <Navigation>130</Navigation>
        </Message>
        <Message>
            <ID>35921399</ID>
            <Severity>Info</Severity>
            <Dynamic>d:/universum/semester-4/digilab/extra/einarminger_bandit/ct.vhd(190): </Dynamic>
            <Dynamic>EFB</Dynamic>
            <Navigation>d:/universum/semester-4/digilab/extra/einarminger_bandit/ct.vhd</Navigation>
            <Navigation>190</Navigation>
        </Message>
        <Message>
            <ID>35901018</ID>
            <Severity>Info</Severity>
            <Dynamic>C:/lscc/diamond/3.10_x64/ispfpga/userware/NT/SYNTHESIS_HEADERS/machxo2.v(1800): </Dynamic>
            <Dynamic>EFB(EFB_TC=&quot;ENABLED&quot;,DEV_DENSITY=&quot;256L&quot;,SPI_MODE=&quot;MASTER&quot;,TC_TOP_SET=5200,TC_OVERFLOW=&quot;DISABLED&quot;)</Dynamic>
            <Navigation>C:/lscc/diamond/3.10_x64/ispfpga/userware/NT/SYNTHESIS_HEADERS/machxo2.v</Navigation>
            <Navigation>1800</Navigation>
        </Message>
        <Message>
            <ID>35921400</ID>
            <Severity>Info</Severity>
            <Dynamic>d:/universum/semester-4/digilab/extra/einarminger_bandit/ct.vhd(190): </Dynamic>
            <Navigation>d:/universum/semester-4/digilab/extra/einarminger_bandit/ct.vhd</Navigation>
            <Navigation>190</Navigation>
        </Message>
        <Message>
            <ID>35901232</ID>
            <Severity>Info</Severity>
            <Dynamic>d:/universum/semester-4/digilab/extra/einarminger_bandit/impl1/stepper_text.v(134): </Dynamic>
            <Navigation>d:/universum/semester-4/digilab/extra/einarminger_bandit/impl1/stepper_text.v</Navigation>
            <Navigation>134</Navigation>
        </Message>
        <Message>
            <ID>35935034</ID>
            <Severity>Warning</Severity>
            <Dynamic>d:/universum/semester-4/digilab/extra/einarminger_bandit/impl1/stepper_text.v(72): </Dynamic>
            <Dynamic>_6</Dynamic>
            <Navigation>d:/universum/semester-4/digilab/extra/einarminger_bandit/impl1/stepper_text.v</Navigation>
            <Navigation>72</Navigation>
        </Message>
        <Message>
            <ID>35935034</ID>
            <Severity>Warning</Severity>
            <Dynamic>d:/universum/semester-4/digilab/extra/einarminger_bandit/impl1/stepper_text.v(73): </Dynamic>
            <Dynamic>_7</Dynamic>
            <Navigation>d:/universum/semester-4/digilab/extra/einarminger_bandit/impl1/stepper_text.v</Navigation>
            <Navigation>73</Navigation>
        </Message>
        <Message>
            <ID>35935034</ID>
            <Severity>Warning</Severity>
            <Dynamic>d:/universum/semester-4/digilab/extra/einarminger_bandit/impl1/stepper_text.v(74): </Dynamic>
            <Dynamic>_8</Dynamic>
            <Navigation>d:/universum/semester-4/digilab/extra/einarminger_bandit/impl1/stepper_text.v</Navigation>
            <Navigation>74</Navigation>
        </Message>
        <Message>
            <ID>35935034</ID>
            <Severity>Warning</Severity>
            <Dynamic>d:/universum/semester-4/digilab/extra/einarminger_bandit/impl1/stepper_text.v(83): </Dynamic>
            <Dynamic>_9</Dynamic>
            <Navigation>d:/universum/semester-4/digilab/extra/einarminger_bandit/impl1/stepper_text.v</Navigation>
            <Navigation>83</Navigation>
        </Message>
        <Message>
            <ID>35935034</ID>
            <Severity>Warning</Severity>
            <Dynamic>d:/universum/semester-4/digilab/extra/einarminger_bandit/impl1/stepper_text.v(84): </Dynamic>
            <Dynamic>_10</Dynamic>
            <Navigation>d:/universum/semester-4/digilab/extra/einarminger_bandit/impl1/stepper_text.v</Navigation>
            <Navigation>84</Navigation>
        </Message>
        <Message>
            <ID>35935034</ID>
            <Severity>Warning</Severity>
            <Dynamic>d:/universum/semester-4/digilab/extra/einarminger_bandit/impl1/stepper_text.v(85): </Dynamic>
            <Dynamic>_11</Dynamic>
            <Navigation>d:/universum/semester-4/digilab/extra/einarminger_bandit/impl1/stepper_text.v</Navigation>
            <Navigation>85</Navigation>
        </Message>
        <Message>
            <ID>35935034</ID>
            <Severity>Warning</Severity>
            <Dynamic>d:/universum/semester-4/digilab/extra/einarminger_bandit/impl1/stepper_text.v(86): </Dynamic>
            <Dynamic>_12</Dynamic>
            <Navigation>d:/universum/semester-4/digilab/extra/einarminger_bandit/impl1/stepper_text.v</Navigation>
            <Navigation>86</Navigation>
        </Message>
        <Message>
            <ID>35935034</ID>
            <Severity>Warning</Severity>
            <Dynamic>d:/universum/semester-4/digilab/extra/einarminger_bandit/impl1/stepper_text.v(87): </Dynamic>
            <Dynamic>_13</Dynamic>
            <Navigation>d:/universum/semester-4/digilab/extra/einarminger_bandit/impl1/stepper_text.v</Navigation>
            <Navigation>87</Navigation>
        </Message>
        <Message>
            <ID>35935034</ID>
            <Severity>Warning</Severity>
            <Dynamic>d:/universum/semester-4/digilab/extra/einarminger_bandit/impl1/stepper_text.v(88): </Dynamic>
            <Dynamic>_14</Dynamic>
            <Navigation>d:/universum/semester-4/digilab/extra/einarminger_bandit/impl1/stepper_text.v</Navigation>
            <Navigation>88</Navigation>
        </Message>
        <Message>
            <ID>35935034</ID>
            <Severity>Warning</Severity>
            <Dynamic>d:/universum/semester-4/digilab/extra/einarminger_bandit/impl1/stepper_text.v(89): </Dynamic>
            <Dynamic>_15</Dynamic>
            <Navigation>d:/universum/semester-4/digilab/extra/einarminger_bandit/impl1/stepper_text.v</Navigation>
            <Navigation>89</Navigation>
        </Message>
        <Message>
            <ID>35935034</ID>
            <Severity>Warning</Severity>
            <Dynamic>d:/universum/semester-4/digilab/extra/einarminger_bandit/impl1/stepper_text.v(90): </Dynamic>
            <Dynamic>_16</Dynamic>
            <Navigation>d:/universum/semester-4/digilab/extra/einarminger_bandit/impl1/stepper_text.v</Navigation>
            <Navigation>90</Navigation>
        </Message>
        <Message>
            <ID>35935034</ID>
            <Severity>Warning</Severity>
            <Dynamic>d:/universum/semester-4/digilab/extra/einarminger_bandit/impl1/stepper_text.v(91): </Dynamic>
            <Dynamic>_17</Dynamic>
            <Navigation>d:/universum/semester-4/digilab/extra/einarminger_bandit/impl1/stepper_text.v</Navigation>
            <Navigation>91</Navigation>
        </Message>
        <Message>
            <ID>35935034</ID>
            <Severity>Warning</Severity>
            <Dynamic>d:/universum/semester-4/digilab/extra/einarminger_bandit/impl1/stepper_text.v(92): </Dynamic>
            <Dynamic>_18</Dynamic>
            <Navigation>d:/universum/semester-4/digilab/extra/einarminger_bandit/impl1/stepper_text.v</Navigation>
            <Navigation>92</Navigation>
        </Message>
        <Message>
            <ID>35935034</ID>
            <Severity>Warning</Severity>
            <Dynamic>d:/universum/semester-4/digilab/extra/einarminger_bandit/impl1/stepper_text.v(93): </Dynamic>
            <Dynamic>_19</Dynamic>
            <Navigation>d:/universum/semester-4/digilab/extra/einarminger_bandit/impl1/stepper_text.v</Navigation>
            <Navigation>93</Navigation>
        </Message>
        <Message>
            <ID>35935034</ID>
            <Severity>Warning</Severity>
            <Dynamic>d:/universum/semester-4/digilab/extra/einarminger_bandit/impl1/stepper_text.v(94): </Dynamic>
            <Dynamic>_20</Dynamic>
            <Navigation>d:/universum/semester-4/digilab/extra/einarminger_bandit/impl1/stepper_text.v</Navigation>
            <Navigation>94</Navigation>
        </Message>
        <Message>
            <ID>35935034</ID>
            <Severity>Warning</Severity>
            <Dynamic>d:/universum/semester-4/digilab/extra/einarminger_bandit/impl1/stepper_text.v(95): </Dynamic>
            <Dynamic>_21</Dynamic>
            <Navigation>d:/universum/semester-4/digilab/extra/einarminger_bandit/impl1/stepper_text.v</Navigation>
            <Navigation>95</Navigation>
        </Message>
        <Message>
            <ID>35935034</ID>
            <Severity>Warning</Severity>
            <Dynamic>d:/universum/semester-4/digilab/extra/einarminger_bandit/impl1/stepper_text.v(96): </Dynamic>
            <Dynamic>_22</Dynamic>
            <Navigation>d:/universum/semester-4/digilab/extra/einarminger_bandit/impl1/stepper_text.v</Navigation>
            <Navigation>96</Navigation>
        </Message>
        <Message>
            <ID>35935034</ID>
            <Severity>Warning</Severity>
            <Dynamic>d:/universum/semester-4/digilab/extra/einarminger_bandit/impl1/stepper_text.v(97): </Dynamic>
            <Dynamic>_23</Dynamic>
            <Navigation>d:/universum/semester-4/digilab/extra/einarminger_bandit/impl1/stepper_text.v</Navigation>
            <Navigation>97</Navigation>
        </Message>
        <Message>
            <ID>35935034</ID>
            <Severity>Warning</Severity>
            <Dynamic>d:/universum/semester-4/digilab/extra/einarminger_bandit/impl1/stepper_text.v(98): </Dynamic>
            <Dynamic>_25</Dynamic>
            <Navigation>d:/universum/semester-4/digilab/extra/einarminger_bandit/impl1/stepper_text.v</Navigation>
            <Navigation>98</Navigation>
        </Message>
        <Message>
            <ID>35935034</ID>
            <Severity>Warning</Severity>
            <Dynamic>d:/universum/semester-4/digilab/extra/einarminger_bandit/impl1/stepper_text.v(100): </Dynamic>
            <Dynamic>_26</Dynamic>
            <Navigation>d:/universum/semester-4/digilab/extra/einarminger_bandit/impl1/stepper_text.v</Navigation>
            <Navigation>100</Navigation>
        </Message>
        <Message>
            <ID>35935034</ID>
            <Severity>Warning</Severity>
            <Dynamic>d:/universum/semester-4/digilab/extra/einarminger_bandit/impl1/stepper_text.v(101): </Dynamic>
            <Dynamic>_27</Dynamic>
            <Navigation>d:/universum/semester-4/digilab/extra/einarminger_bandit/impl1/stepper_text.v</Navigation>
            <Navigation>101</Navigation>
        </Message>
        <Message>
            <ID>35935034</ID>
            <Severity>Warning</Severity>
            <Dynamic>d:/universum/semester-4/digilab/extra/einarminger_bandit/impl1/stepper_text.v(102): </Dynamic>
            <Dynamic></Dynamic>
            <Navigation>d:/universum/semester-4/digilab/extra/einarminger_bandit/impl1/stepper_text.v</Navigation>
            <Navigation>102</Navigation>
        </Message>
        <Message>
            <ID>35001747</ID>
            <Severity>Warning</Severity>
            <Dynamic>0</Dynamic>
            <Dynamic>\I59/counter_sig</Dynamic>
        </Message>
        <Message>
            <ID>35001045</ID>
            <Severity>Warning</Severity>
        </Message>
        <Message>
            <ID>35001752</ID>
            <Severity>Warning</Severity>
            <Dynamic>\I15/win_or_lose_I_0_reset</Dynamic>
        </Message>
        <Message>
            <ID>35001611</ID>
            <Severity>Warning</Severity>
        </Message>
    </Task>
    <Task name="PAR">
        <Message>
            <ID>66011008</ID>
            <Severity>Warning</Severity>
            <Dynamic>
   Signal=N_36 loads=2 clock_loads=1
   Signal=N_35 loads=2 clock_loads=1
   Signal=hertzMAX loads=2 clock_loads=2
   Signal=N_38 loads=2 clock_loads=1
   Signal=N_34 loads=2 clock_loads=1
   Signal=N_40 loads=2 clock_loads=1
   Signal=N_39 loads=2 clock_loads=1
   Signal=hertz200 loads=23 clock_loads=23
   Signal=N_37 loa   ....      Signal=win_or_lose_N_148 loads=2 clock_loads=1
   Signal=hertz1 loads=2 clock_loads=1
   Signal=hertz3 loads=2 clock_loads=1
   Signal=clk25 loads=4 clock_loads=3</Dynamic>
        </Message>
        <Message>
            <ID>66011008</ID>
            <Severity>Warning</Severity>
            <Dynamic>
   Signal=N_36 loads=2 clock_loads=1
   Signal=N_35 loads=2 clock_loads=1
   Signal=hertzMAX loads=2 clock_loads=2
   Signal=N_38 loads=2 clock_loads=1
   Signal=N_34 loads=2 clock_loads=1
   Signal=N_40 loads=2 clock_loads=1
   Signal=N_39 loads=2 clock_loads=1
   Signal=hertz200 loads=23 clock_loads=23
   Signal=N_37 loa   ....      Signal=win_or_lose_N_148 loads=2 clock_loads=1
   Signal=hertz1 loads=2 clock_loads=1
   Signal=hertz3 loads=2 clock_loads=1
   Signal=clk25 loads=4 clock_loads=3</Dynamic>
        </Message>
    </Task>
</BaliMessageLog>