<?xml version="1.0" encoding="UTF-8"?>
<BaliMessageLog>
    <Task name="Map">
        <Message>
            <ID>51001030</ID>
            <Severity>Warning</Severity>
            <Dynamic>VCC_net</Dynamic>
        </Message>
    </Task>
    <Task name="Lattice_Synthesis">
        <Message>
            <ID>35002000</ID>
            <Severity>Info</Severity>
        </Message>
        <Message>
            <ID>35001781</ID>
            <Severity>Info</Severity>
        </Message>
        <Message>
            <ID>35921012</ID>
            <Severity>Info</Severity>
            <Dynamic>e:/universum/semester-4/digilab/extra/pld_pong/ct.vhd(14): </Dynamic>
            <Dynamic>ct</Dynamic>
            <Navigation>e:/universum/semester-4/digilab/extra/pld_pong/ct.vhd</Navigation>
            <Navigation>14</Navigation>
        </Message>
        <Message>
            <ID>35921010</ID>
            <Severity>Info</Severity>
            <Dynamic>e:/universum/semester-4/digilab/extra/pld_pong/ct.vhd(22): </Dynamic>
            <Dynamic>structure</Dynamic>
            <Navigation>e:/universum/semester-4/digilab/extra/pld_pong/ct.vhd</Navigation>
            <Navigation>22</Navigation>
        </Message>
        <Message>
            <ID>35921012</ID>
            <Severity>Info</Severity>
            <Dynamic>e:/universum/semester-4/digilab/extra/pld_pong/clkgen.vhd(11): </Dynamic>
            <Dynamic>clkgen</Dynamic>
            <Navigation>e:/universum/semester-4/digilab/extra/pld_pong/clkgen.vhd</Navigation>
            <Navigation>11</Navigation>
        </Message>
        <Message>
            <ID>35921010</ID>
            <Severity>Info</Severity>
            <Dynamic>e:/universum/semester-4/digilab/extra/pld_pong/clkgen.vhd(22): </Dynamic>
            <Dynamic>behavior</Dynamic>
            <Navigation>e:/universum/semester-4/digilab/extra/pld_pong/clkgen.vhd</Navigation>
            <Navigation>22</Navigation>
        </Message>
        <Message>
            <ID>35921012</ID>
            <Severity>Info</Severity>
            <Dynamic>e:/universum/semester-4/digilab/extra/pld_pong/ct.vhd(14): </Dynamic>
            <Dynamic>ct</Dynamic>
            <Navigation>e:/universum/semester-4/digilab/extra/pld_pong/ct.vhd</Navigation>
            <Navigation>14</Navigation>
        </Message>
        <Message>
            <ID>35921010</ID>
            <Severity>Info</Severity>
            <Dynamic>e:/universum/semester-4/digilab/extra/pld_pong/ct.vhd(22): </Dynamic>
            <Dynamic>structure</Dynamic>
            <Navigation>e:/universum/semester-4/digilab/extra/pld_pong/ct.vhd</Navigation>
            <Navigation>22</Navigation>
        </Message>
        <Message>
            <ID>35921012</ID>
            <Severity>Info</Severity>
            <Dynamic>e:/universum/semester-4/digilab/extra/pld_pong/ct.vhd(14): </Dynamic>
            <Dynamic>ct</Dynamic>
            <Navigation>e:/universum/semester-4/digilab/extra/pld_pong/ct.vhd</Navigation>
            <Navigation>14</Navigation>
        </Message>
        <Message>
            <ID>35921010</ID>
            <Severity>Info</Severity>
            <Dynamic>e:/universum/semester-4/digilab/extra/pld_pong/ct.vhd(22): </Dynamic>
            <Dynamic>structure</Dynamic>
            <Navigation>e:/universum/semester-4/digilab/extra/pld_pong/ct.vhd</Navigation>
            <Navigation>22</Navigation>
        </Message>
        <Message>
            <ID>35921012</ID>
            <Severity>Info</Severity>
            <Dynamic>e:/universum/semester-4/digilab/extra/pld_pong/anzeigenmux.vhd(5): </Dynamic>
            <Dynamic>anzeigenmux</Dynamic>
            <Navigation>e:/universum/semester-4/digilab/extra/pld_pong/anzeigenmux.vhd</Navigation>
            <Navigation>5</Navigation>
        </Message>
        <Message>
            <ID>35921010</ID>
            <Severity>Info</Severity>
            <Dynamic>e:/universum/semester-4/digilab/extra/pld_pong/anzeigenmux.vhd(13): </Dynamic>
            <Dynamic>tec</Dynamic>
            <Navigation>e:/universum/semester-4/digilab/extra/pld_pong/anzeigenmux.vhd</Navigation>
            <Navigation>13</Navigation>
        </Message>
        <Message>
            <ID>35921012</ID>
            <Severity>Info</Severity>
            <Dynamic>e:/universum/semester-4/digilab/extra/pld_pong/textmaster.vhd(5): </Dynamic>
            <Dynamic>textmaster</Dynamic>
            <Navigation>e:/universum/semester-4/digilab/extra/pld_pong/textmaster.vhd</Navigation>
            <Navigation>5</Navigation>
        </Message>
        <Message>
            <ID>35921010</ID>
            <Severity>Info</Severity>
            <Dynamic>e:/universum/semester-4/digilab/extra/pld_pong/textmaster.vhd(13): </Dynamic>
            <Dynamic>tec</Dynamic>
            <Navigation>e:/universum/semester-4/digilab/extra/pld_pong/textmaster.vhd</Navigation>
            <Navigation>13</Navigation>
        </Message>
        <Message>
            <ID>35921012</ID>
            <Severity>Info</Severity>
            <Dynamic>e:/universum/semester-4/digilab/extra/pld_pong/siebenseg_decoder.vhd(5): </Dynamic>
            <Dynamic>siebenseg_decoder</Dynamic>
            <Navigation>e:/universum/semester-4/digilab/extra/pld_pong/siebenseg_decoder.vhd</Navigation>
            <Navigation>5</Navigation>
        </Message>
        <Message>
            <ID>35921010</ID>
            <Severity>Info</Severity>
            <Dynamic>e:/universum/semester-4/digilab/extra/pld_pong/siebenseg_decoder.vhd(11): </Dynamic>
            <Dynamic>tec</Dynamic>
            <Navigation>e:/universum/semester-4/digilab/extra/pld_pong/siebenseg_decoder.vhd</Navigation>
            <Navigation>11</Navigation>
        </Message>
        <Message>
            <ID>35921012</ID>
            <Severity>Info</Severity>
            <Dynamic>e:/universum/semester-4/digilab/extra/pld_pong/pong_logik.vhd(5): </Dynamic>
            <Dynamic>pong_logik</Dynamic>
            <Navigation>e:/universum/semester-4/digilab/extra/pld_pong/pong_logik.vhd</Navigation>
            <Navigation>5</Navigation>
        </Message>
        <Message>
            <ID>35921010</ID>
            <Severity>Info</Severity>
            <Dynamic>e:/universum/semester-4/digilab/extra/pld_pong/pong_logik.vhd(14): </Dynamic>
            <Dynamic>tec</Dynamic>
            <Navigation>e:/universum/semester-4/digilab/extra/pld_pong/pong_logik.vhd</Navigation>
            <Navigation>14</Navigation>
        </Message>
        <Message>
            <ID>35921012</ID>
            <Severity>Info</Severity>
            <Dynamic>e:/universum/semester-4/digilab/extra/pld_pong/rs_ff.vhd(5): </Dynamic>
            <Dynamic>rs_ff</Dynamic>
            <Navigation>e:/universum/semester-4/digilab/extra/pld_pong/rs_ff.vhd</Navigation>
            <Navigation>5</Navigation>
        </Message>
        <Message>
            <ID>35921010</ID>
            <Severity>Info</Severity>
            <Dynamic>e:/universum/semester-4/digilab/extra/pld_pong/rs_ff.vhd(11): </Dynamic>
            <Dynamic>tec</Dynamic>
            <Navigation>e:/universum/semester-4/digilab/extra/pld_pong/rs_ff.vhd</Navigation>
            <Navigation>11</Navigation>
        </Message>
        <Message>
            <ID>35921012</ID>
            <Severity>Info</Severity>
            <Dynamic>e:/universum/semester-4/digilab/extra/pld_pong/freqdiv_durchzwei.vhd(5): </Dynamic>
            <Dynamic>frqdiv_div2</Dynamic>
            <Navigation>e:/universum/semester-4/digilab/extra/pld_pong/freqdiv_durchzwei.vhd</Navigation>
            <Navigation>5</Navigation>
        </Message>
        <Message>
            <ID>35921010</ID>
            <Severity>Info</Severity>
            <Dynamic>e:/universum/semester-4/digilab/extra/pld_pong/freqdiv_durchzwei.vhd(11): </Dynamic>
            <Dynamic>tec</Dynamic>
            <Navigation>e:/universum/semester-4/digilab/extra/pld_pong/freqdiv_durchzwei.vhd</Navigation>
            <Navigation>11</Navigation>
        </Message>
        <Message>
            <ID>35921012</ID>
            <Severity>Info</Severity>
            <Dynamic>e:/universum/semester-4/digilab/extra/pld_pong/startup_man.vhd(5): </Dynamic>
            <Dynamic>startup_man</Dynamic>
            <Navigation>e:/universum/semester-4/digilab/extra/pld_pong/startup_man.vhd</Navigation>
            <Navigation>5</Navigation>
        </Message>
        <Message>
            <ID>35921010</ID>
            <Severity>Info</Severity>
            <Dynamic>e:/universum/semester-4/digilab/extra/pld_pong/startup_man.vhd(13): </Dynamic>
            <Dynamic>tec</Dynamic>
            <Navigation>e:/universum/semester-4/digilab/extra/pld_pong/startup_man.vhd</Navigation>
            <Navigation>13</Navigation>
        </Message>
        <Message>
            <ID>35921012</ID>
            <Severity>Info</Severity>
            <Dynamic>e:/universum/semester-4/digilab/extra/pld_pong/ping_clkwandler.vhd(5): </Dynamic>
            <Dynamic>ping_clkenable</Dynamic>
            <Navigation>e:/universum/semester-4/digilab/extra/pld_pong/ping_clkwandler.vhd</Navigation>
            <Navigation>5</Navigation>
        </Message>
        <Message>
            <ID>35921010</ID>
            <Severity>Info</Severity>
            <Dynamic>e:/universum/semester-4/digilab/extra/pld_pong/ping_clkwandler.vhd(13): </Dynamic>
            <Dynamic>tec</Dynamic>
            <Navigation>e:/universum/semester-4/digilab/extra/pld_pong/ping_clkwandler.vhd</Navigation>
            <Navigation>13</Navigation>
        </Message>
        <Message>
            <ID>35921012</ID>
            <Severity>Info</Severity>
            <Dynamic>e:/universum/semester-4/digilab/extra/pld_pong/statechange_logic.vhd(5): </Dynamic>
            <Dynamic>statechange_logic</Dynamic>
            <Navigation>e:/universum/semester-4/digilab/extra/pld_pong/statechange_logic.vhd</Navigation>
            <Navigation>5</Navigation>
        </Message>
        <Message>
            <ID>35921010</ID>
            <Severity>Info</Severity>
            <Dynamic>e:/universum/semester-4/digilab/extra/pld_pong/statechange_logic.vhd(11): </Dynamic>
            <Dynamic>tec</Dynamic>
            <Navigation>e:/universum/semester-4/digilab/extra/pld_pong/statechange_logic.vhd</Navigation>
            <Navigation>11</Navigation>
        </Message>
        <Message>
            <ID>35921012</ID>
            <Severity>Info</Severity>
            <Dynamic>e:/universum/semester-4/digilab/extra/pld_pong/ampel_lichtspiel.vhd(5): </Dynamic>
            <Dynamic>ampel_lichtspiel</Dynamic>
            <Navigation>e:/universum/semester-4/digilab/extra/pld_pong/ampel_lichtspiel.vhd</Navigation>
            <Navigation>5</Navigation>
        </Message>
        <Message>
            <ID>35921010</ID>
            <Severity>Info</Severity>
            <Dynamic>e:/universum/semester-4/digilab/extra/pld_pong/ampel_lichtspiel.vhd(12): </Dynamic>
            <Dynamic>tec</Dynamic>
            <Navigation>e:/universum/semester-4/digilab/extra/pld_pong/ampel_lichtspiel.vhd</Navigation>
            <Navigation>12</Navigation>
        </Message>
        <Message>
            <ID>35921012</ID>
            <Severity>Info</Severity>
            <Dynamic>e:/universum/semester-4/digilab/extra/pld_pong/tempomacher.vhd(5): </Dynamic>
            <Dynamic>tempomacher</Dynamic>
            <Navigation>e:/universum/semester-4/digilab/extra/pld_pong/tempomacher.vhd</Navigation>
            <Navigation>5</Navigation>
        </Message>
        <Message>
            <ID>35921010</ID>
            <Severity>Info</Severity>
            <Dynamic>e:/universum/semester-4/digilab/extra/pld_pong/tempomacher.vhd(13): </Dynamic>
            <Dynamic>tec</Dynamic>
            <Navigation>e:/universum/semester-4/digilab/extra/pld_pong/tempomacher.vhd</Navigation>
            <Navigation>13</Navigation>
        </Message>
        <Message>
            <ID>35921012</ID>
            <Severity>Info</Severity>
            <Dynamic>e:/universum/semester-4/digilab/extra/pld_pong/tempomacher_helper.vhd(5): </Dynamic>
            <Dynamic>tempomacher_helper</Dynamic>
            <Navigation>e:/universum/semester-4/digilab/extra/pld_pong/tempomacher_helper.vhd</Navigation>
            <Navigation>5</Navigation>
        </Message>
        <Message>
            <ID>35921010</ID>
            <Severity>Info</Severity>
            <Dynamic>e:/universum/semester-4/digilab/extra/pld_pong/tempomacher_helper.vhd(12): </Dynamic>
            <Dynamic>tec</Dynamic>
            <Navigation>e:/universum/semester-4/digilab/extra/pld_pong/tempomacher_helper.vhd</Navigation>
            <Navigation>12</Navigation>
        </Message>
        <Message>
            <ID>35921504</ID>
            <Severity>Info</Severity>
            <Dynamic></Dynamic>
            <Dynamic>E:/UNIversum/Semester-4/Digilab/Extra/pld_pong/impl1</Dynamic>
        </Message>
        <Message>
            <ID>35901018</ID>
            <Severity>Info</Severity>
            <Dynamic>e:/universum/semester-4/digilab/extra/pld_pong/impl1/big_scheme.v(3): </Dynamic>
            <Dynamic>big_scheme</Dynamic>
            <Navigation>e:/universum/semester-4/digilab/extra/pld_pong/impl1/big_scheme.v</Navigation>
            <Navigation>3</Navigation>
        </Message>
        <Message>
            <ID>35901231</ID>
            <Severity>Info</Severity>
            <Dynamic>e:/universum/semester-4/digilab/extra/pld_pong/impl1/big_scheme.v(73): </Dynamic>
            <Dynamic>ampel_lichtspiel</Dynamic>
            <Navigation>e:/universum/semester-4/digilab/extra/pld_pong/impl1/big_scheme.v</Navigation>
            <Navigation>73</Navigation>
        </Message>
        <Message>
            <ID>35901232</ID>
            <Severity>Info</Severity>
            <Dynamic>e:/universum/semester-4/digilab/extra/pld_pong/impl1/big_scheme.v(73): </Dynamic>
            <Navigation>e:/universum/semester-4/digilab/extra/pld_pong/impl1/big_scheme.v</Navigation>
            <Navigation>73</Navigation>
        </Message>
        <Message>
            <ID>35901231</ID>
            <Severity>Info</Severity>
            <Dynamic>e:/universum/semester-4/digilab/extra/pld_pong/impl1/big_scheme.v(75): </Dynamic>
            <Dynamic>tempomacher_helper</Dynamic>
            <Navigation>e:/universum/semester-4/digilab/extra/pld_pong/impl1/big_scheme.v</Navigation>
            <Navigation>75</Navigation>
        </Message>
        <Message>
            <ID>35901232</ID>
            <Severity>Info</Severity>
            <Dynamic>e:/universum/semester-4/digilab/extra/pld_pong/impl1/big_scheme.v(75): </Dynamic>
            <Navigation>e:/universum/semester-4/digilab/extra/pld_pong/impl1/big_scheme.v</Navigation>
            <Navigation>75</Navigation>
        </Message>
        <Message>
            <ID>35901231</ID>
            <Severity>Info</Severity>
            <Dynamic>e:/universum/semester-4/digilab/extra/pld_pong/impl1/big_scheme.v(76): </Dynamic>
            <Dynamic>statechange_logic</Dynamic>
            <Navigation>e:/universum/semester-4/digilab/extra/pld_pong/impl1/big_scheme.v</Navigation>
            <Navigation>76</Navigation>
        </Message>
        <Message>
            <ID>35901232</ID>
            <Severity>Info</Severity>
            <Dynamic>e:/universum/semester-4/digilab/extra/pld_pong/impl1/big_scheme.v(76): </Dynamic>
            <Navigation>e:/universum/semester-4/digilab/extra/pld_pong/impl1/big_scheme.v</Navigation>
            <Navigation>76</Navigation>
        </Message>
        <Message>
            <ID>35901018</ID>
            <Severity>Info</Severity>
            <Dynamic>C:/lscc/diamond/3.10_x64/ispfpga/userware/NT/SYNTHESIS_HEADERS/machxo2.v(930): </Dynamic>
            <Dynamic>OR2</Dynamic>
            <Navigation>C:/lscc/diamond/3.10_x64/ispfpga/userware/NT/SYNTHESIS_HEADERS/machxo2.v</Navigation>
            <Navigation>930</Navigation>
        </Message>
        <Message>
            <ID>35901018</ID>
            <Severity>Info</Severity>
            <Dynamic>C:/lscc/diamond/3.10_x64/ispfpga/userware/NT/SYNTHESIS_HEADERS/machxo2.v(43): </Dynamic>
            <Dynamic>AND2</Dynamic>
            <Navigation>C:/lscc/diamond/3.10_x64/ispfpga/userware/NT/SYNTHESIS_HEADERS/machxo2.v</Navigation>
            <Navigation>43</Navigation>
        </Message>
        <Message>
            <ID>35901231</ID>
            <Severity>Info</Severity>
            <Dynamic>e:/universum/semester-4/digilab/extra/pld_pong/impl1/big_scheme.v(92): </Dynamic>
            <Dynamic>ping_clkenable</Dynamic>
            <Navigation>e:/universum/semester-4/digilab/extra/pld_pong/impl1/big_scheme.v</Navigation>
            <Navigation>92</Navigation>
        </Message>
        <Message>
            <ID>35921251</ID>
            <Severity>Warning</Severity>
            <Dynamic>e:/universum/semester-4/digilab/extra/pld_pong/ping_clkwandler.vhd(20): </Dynamic>
            <Dynamic>start_tone</Dynamic>
            <Navigation>e:/universum/semester-4/digilab/extra/pld_pong/ping_clkwandler.vhd</Navigation>
            <Navigation>20</Navigation>
        </Message>
        <Message>
            <ID>35921613</ID>
            <Severity>Warning</Severity>
            <Dynamic>e:/universum/semester-4/digilab/extra/pld_pong/ping_clkwandler.vhd(44): </Dynamic>
            <Navigation>e:/universum/semester-4/digilab/extra/pld_pong/ping_clkwandler.vhd</Navigation>
            <Navigation>44</Navigation>
        </Message>
        <Message>
            <ID>35901232</ID>
            <Severity>Info</Severity>
            <Dynamic>e:/universum/semester-4/digilab/extra/pld_pong/impl1/big_scheme.v(92): </Dynamic>
            <Navigation>e:/universum/semester-4/digilab/extra/pld_pong/impl1/big_scheme.v</Navigation>
            <Navigation>92</Navigation>
        </Message>
        <Message>
            <ID>35901231</ID>
            <Severity>Info</Severity>
            <Dynamic>e:/universum/semester-4/digilab/extra/pld_pong/impl1/big_scheme.v(94): </Dynamic>
            <Dynamic>ping_clkenable</Dynamic>
            <Navigation>e:/universum/semester-4/digilab/extra/pld_pong/impl1/big_scheme.v</Navigation>
            <Navigation>94</Navigation>
        </Message>
        <Message>
            <ID>35921205</ID>
            <Severity>Warning</Severity>
            <Dynamic>e:/universum/semester-4/digilab/extra/pld_pong/ping_clkwandler.vhd(10): </Dynamic>
            <Dynamic>ping_clkenable</Dynamic>
            <Dynamic>tec</Dynamic>
            <Navigation>e:/universum/semester-4/digilab/extra/pld_pong/ping_clkwandler.vhd</Navigation>
            <Navigation>10</Navigation>
        </Message>
        <Message>
            <ID>35901232</ID>
            <Severity>Info</Severity>
            <Dynamic>e:/universum/semester-4/digilab/extra/pld_pong/impl1/big_scheme.v(94): </Dynamic>
            <Navigation>e:/universum/semester-4/digilab/extra/pld_pong/impl1/big_scheme.v</Navigation>
            <Navigation>94</Navigation>
        </Message>
        <Message>
            <ID>35901231</ID>
            <Severity>Info</Severity>
            <Dynamic>e:/universum/semester-4/digilab/extra/pld_pong/impl1/big_scheme.v(96): </Dynamic>
            <Dynamic>ping_clkenable</Dynamic>
            <Navigation>e:/universum/semester-4/digilab/extra/pld_pong/impl1/big_scheme.v</Navigation>
            <Navigation>96</Navigation>
        </Message>
        <Message>
            <ID>35901232</ID>
            <Severity>Info</Severity>
            <Dynamic>e:/universum/semester-4/digilab/extra/pld_pong/impl1/big_scheme.v(96): </Dynamic>
            <Navigation>e:/universum/semester-4/digilab/extra/pld_pong/impl1/big_scheme.v</Navigation>
            <Navigation>96</Navigation>
        </Message>
        <Message>
            <ID>35901231</ID>
            <Severity>Info</Severity>
            <Dynamic>e:/universum/semester-4/digilab/extra/pld_pong/impl1/big_scheme.v(99): </Dynamic>
            <Dynamic>startup_man</Dynamic>
            <Navigation>e:/universum/semester-4/digilab/extra/pld_pong/impl1/big_scheme.v</Navigation>
            <Navigation>99</Navigation>
        </Message>
        <Message>
            <ID>35901232</ID>
            <Severity>Info</Severity>
            <Dynamic>e:/universum/semester-4/digilab/extra/pld_pong/impl1/big_scheme.v(99): </Dynamic>
            <Navigation>e:/universum/semester-4/digilab/extra/pld_pong/impl1/big_scheme.v</Navigation>
            <Navigation>99</Navigation>
        </Message>
        <Message>
            <ID>35901231</ID>
            <Severity>Info</Severity>
            <Dynamic>e:/universum/semester-4/digilab/extra/pld_pong/impl1/big_scheme.v(102): </Dynamic>
            <Dynamic>tempomacher</Dynamic>
            <Navigation>e:/universum/semester-4/digilab/extra/pld_pong/impl1/big_scheme.v</Navigation>
            <Navigation>102</Navigation>
        </Message>
        <Message>
            <ID>35921251</ID>
            <Severity>Warning</Severity>
            <Dynamic>e:/universum/semester-4/digilab/extra/pld_pong/tempomacher.vhd(21): </Dynamic>
            <Dynamic>enable_pong</Dynamic>
            <Navigation>e:/universum/semester-4/digilab/extra/pld_pong/tempomacher.vhd</Navigation>
            <Navigation>21</Navigation>
        </Message>
        <Message>
            <ID>35921251</ID>
            <Severity>Warning</Severity>
            <Dynamic>e:/universum/semester-4/digilab/extra/pld_pong/tempomacher.vhd(33): </Dynamic>
            <Dynamic>clk_std</Dynamic>
            <Navigation>e:/universum/semester-4/digilab/extra/pld_pong/tempomacher.vhd</Navigation>
            <Navigation>33</Navigation>
        </Message>
        <Message>
            <ID>35921251</ID>
            <Severity>Warning</Severity>
            <Dynamic>e:/universum/semester-4/digilab/extra/pld_pong/tempomacher.vhd(34): </Dynamic>
            <Dynamic>clk_medium</Dynamic>
            <Navigation>e:/universum/semester-4/digilab/extra/pld_pong/tempomacher.vhd</Navigation>
            <Navigation>34</Navigation>
        </Message>
        <Message>
            <ID>35921251</ID>
            <Severity>Warning</Severity>
            <Dynamic>e:/universum/semester-4/digilab/extra/pld_pong/tempomacher.vhd(35): </Dynamic>
            <Dynamic>clk_fast</Dynamic>
            <Navigation>e:/universum/semester-4/digilab/extra/pld_pong/tempomacher.vhd</Navigation>
            <Navigation>35</Navigation>
        </Message>
        <Message>
            <ID>35921251</ID>
            <Severity>Warning</Severity>
            <Dynamic>e:/universum/semester-4/digilab/extra/pld_pong/tempomacher.vhd(36): </Dynamic>
            <Dynamic>clk_insane</Dynamic>
            <Navigation>e:/universum/semester-4/digilab/extra/pld_pong/tempomacher.vhd</Navigation>
            <Navigation>36</Navigation>
        </Message>
        <Message>
            <ID>35921251</ID>
            <Severity>Warning</Severity>
            <Dynamic>e:/universum/semester-4/digilab/extra/pld_pong/tempomacher.vhd(37): </Dynamic>
            <Dynamic>clk_std</Dynamic>
            <Navigation>e:/universum/semester-4/digilab/extra/pld_pong/tempomacher.vhd</Navigation>
            <Navigation>37</Navigation>
        </Message>
        <Message>
            <ID>35921172</ID>
            <Severity>Info</Severity>
            <Dynamic>e:/universum/semester-4/digilab/extra/pld_pong/tempomacher.vhd(37): </Dynamic>
            <Navigation>e:/universum/semester-4/digilab/extra/pld_pong/tempomacher.vhd</Navigation>
            <Navigation>37</Navigation>
        </Message>
        <Message>
            <ID>35921613</ID>
            <Severity>Warning</Severity>
            <Dynamic>e:/universum/semester-4/digilab/extra/pld_pong/tempomacher.vhd(40): </Dynamic>
            <Navigation>e:/universum/semester-4/digilab/extra/pld_pong/tempomacher.vhd</Navigation>
            <Navigation>40</Navigation>
        </Message>
        <Message>
            <ID>35901232</ID>
            <Severity>Info</Severity>
            <Dynamic>e:/universum/semester-4/digilab/extra/pld_pong/impl1/big_scheme.v(102): </Dynamic>
            <Navigation>e:/universum/semester-4/digilab/extra/pld_pong/impl1/big_scheme.v</Navigation>
            <Navigation>102</Navigation>
        </Message>
        <Message>
            <ID>35901018</ID>
            <Severity>Info</Severity>
            <Dynamic>C:/lscc/diamond/3.10_x64/ispfpga/userware/NT/SYNTHESIS_HEADERS/machxo2.v(563): </Dynamic>
            <Dynamic>INV</Dynamic>
            <Navigation>C:/lscc/diamond/3.10_x64/ispfpga/userware/NT/SYNTHESIS_HEADERS/machxo2.v</Navigation>
            <Navigation>563</Navigation>
        </Message>
        <Message>
            <ID>35901231</ID>
            <Severity>Info</Severity>
            <Dynamic>e:/universum/semester-4/digilab/extra/pld_pong/impl1/big_scheme.v(105): </Dynamic>
            <Dynamic>frqdiv_div2</Dynamic>
            <Navigation>e:/universum/semester-4/digilab/extra/pld_pong/impl1/big_scheme.v</Navigation>
            <Navigation>105</Navigation>
        </Message>
        <Message>
            <ID>35901232</ID>
            <Severity>Info</Severity>
            <Dynamic>e:/universum/semester-4/digilab/extra/pld_pong/impl1/big_scheme.v(105): </Dynamic>
            <Navigation>e:/universum/semester-4/digilab/extra/pld_pong/impl1/big_scheme.v</Navigation>
            <Navigation>105</Navigation>
        </Message>
        <Message>
            <ID>35901231</ID>
            <Severity>Info</Severity>
            <Dynamic>e:/universum/semester-4/digilab/extra/pld_pong/impl1/big_scheme.v(106): </Dynamic>
            <Dynamic>frqdiv_div2</Dynamic>
            <Navigation>e:/universum/semester-4/digilab/extra/pld_pong/impl1/big_scheme.v</Navigation>
            <Navigation>106</Navigation>
        </Message>
        <Message>
            <ID>35921205</ID>
            <Severity>Warning</Severity>
            <Dynamic>e:/universum/semester-4/digilab/extra/pld_pong/freqdiv_durchzwei.vhd(8): </Dynamic>
            <Dynamic>frqdiv_div2</Dynamic>
            <Dynamic>tec</Dynamic>
            <Navigation>e:/universum/semester-4/digilab/extra/pld_pong/freqdiv_durchzwei.vhd</Navigation>
            <Navigation>8</Navigation>
        </Message>
        <Message>
            <ID>35901232</ID>
            <Severity>Info</Severity>
            <Dynamic>e:/universum/semester-4/digilab/extra/pld_pong/impl1/big_scheme.v(106): </Dynamic>
            <Navigation>e:/universum/semester-4/digilab/extra/pld_pong/impl1/big_scheme.v</Navigation>
            <Navigation>106</Navigation>
        </Message>
        <Message>
            <ID>35901231</ID>
            <Severity>Info</Severity>
            <Dynamic>e:/universum/semester-4/digilab/extra/pld_pong/impl1/big_scheme.v(107): </Dynamic>
            <Dynamic>frqdiv_div2</Dynamic>
            <Navigation>e:/universum/semester-4/digilab/extra/pld_pong/impl1/big_scheme.v</Navigation>
            <Navigation>107</Navigation>
        </Message>
        <Message>
            <ID>35901232</ID>
            <Severity>Info</Severity>
            <Dynamic>e:/universum/semester-4/digilab/extra/pld_pong/impl1/big_scheme.v(107): </Dynamic>
            <Navigation>e:/universum/semester-4/digilab/extra/pld_pong/impl1/big_scheme.v</Navigation>
            <Navigation>107</Navigation>
        </Message>
        <Message>
            <ID>35901231</ID>
            <Severity>Info</Severity>
            <Dynamic>e:/universum/semester-4/digilab/extra/pld_pong/impl1/big_scheme.v(108): </Dynamic>
            <Dynamic>frqdiv_div2</Dynamic>
            <Navigation>e:/universum/semester-4/digilab/extra/pld_pong/impl1/big_scheme.v</Navigation>
            <Navigation>108</Navigation>
        </Message>
        <Message>
            <ID>35901232</ID>
            <Severity>Info</Severity>
            <Dynamic>e:/universum/semester-4/digilab/extra/pld_pong/impl1/big_scheme.v(108): </Dynamic>
            <Navigation>e:/universum/semester-4/digilab/extra/pld_pong/impl1/big_scheme.v</Navigation>
            <Navigation>108</Navigation>
        </Message>
        <Message>
            <ID>35901231</ID>
            <Severity>Info</Severity>
            <Dynamic>e:/universum/semester-4/digilab/extra/pld_pong/impl1/big_scheme.v(109): </Dynamic>
            <Dynamic>rs_ff</Dynamic>
            <Navigation>e:/universum/semester-4/digilab/extra/pld_pong/impl1/big_scheme.v</Navigation>
            <Navigation>109</Navigation>
        </Message>
        <Message>
            <ID>35901232</ID>
            <Severity>Info</Severity>
            <Dynamic>e:/universum/semester-4/digilab/extra/pld_pong/impl1/big_scheme.v(109): </Dynamic>
            <Navigation>e:/universum/semester-4/digilab/extra/pld_pong/impl1/big_scheme.v</Navigation>
            <Navigation>109</Navigation>
        </Message>
        <Message>
            <ID>35901231</ID>
            <Severity>Info</Severity>
            <Dynamic>e:/universum/semester-4/digilab/extra/pld_pong/impl1/big_scheme.v(110): </Dynamic>
            <Dynamic>rs_ff</Dynamic>
            <Navigation>e:/universum/semester-4/digilab/extra/pld_pong/impl1/big_scheme.v</Navigation>
            <Navigation>110</Navigation>
        </Message>
        <Message>
            <ID>35921205</ID>
            <Severity>Warning</Severity>
            <Dynamic>e:/universum/semester-4/digilab/extra/pld_pong/rs_ff.vhd(8): </Dynamic>
            <Dynamic>rs_ff</Dynamic>
            <Dynamic>tec</Dynamic>
            <Navigation>e:/universum/semester-4/digilab/extra/pld_pong/rs_ff.vhd</Navigation>
            <Navigation>8</Navigation>
        </Message>
        <Message>
            <ID>35901232</ID>
            <Severity>Info</Severity>
            <Dynamic>e:/universum/semester-4/digilab/extra/pld_pong/impl1/big_scheme.v(110): </Dynamic>
            <Navigation>e:/universum/semester-4/digilab/extra/pld_pong/impl1/big_scheme.v</Navigation>
            <Navigation>110</Navigation>
        </Message>
        <Message>
            <ID>35901231</ID>
            <Severity>Info</Severity>
            <Dynamic>e:/universum/semester-4/digilab/extra/pld_pong/impl1/big_scheme.v(111): </Dynamic>
            <Dynamic>rs_ff</Dynamic>
            <Navigation>e:/universum/semester-4/digilab/extra/pld_pong/impl1/big_scheme.v</Navigation>
            <Navigation>111</Navigation>
        </Message>
        <Message>
            <ID>35901232</ID>
            <Severity>Info</Severity>
            <Dynamic>e:/universum/semester-4/digilab/extra/pld_pong/impl1/big_scheme.v(111): </Dynamic>
            <Navigation>e:/universum/semester-4/digilab/extra/pld_pong/impl1/big_scheme.v</Navigation>
            <Navigation>111</Navigation>
        </Message>
        <Message>
            <ID>35901231</ID>
            <Severity>Info</Severity>
            <Dynamic>e:/universum/semester-4/digilab/extra/pld_pong/impl1/big_scheme.v(112): </Dynamic>
            <Dynamic>rs_ff</Dynamic>
            <Navigation>e:/universum/semester-4/digilab/extra/pld_pong/impl1/big_scheme.v</Navigation>
            <Navigation>112</Navigation>
        </Message>
        <Message>
            <ID>35901232</ID>
            <Severity>Info</Severity>
            <Dynamic>e:/universum/semester-4/digilab/extra/pld_pong/impl1/big_scheme.v(112): </Dynamic>
            <Navigation>e:/universum/semester-4/digilab/extra/pld_pong/impl1/big_scheme.v</Navigation>
            <Navigation>112</Navigation>
        </Message>
        <Message>
            <ID>35901231</ID>
            <Severity>Info</Severity>
            <Dynamic>e:/universum/semester-4/digilab/extra/pld_pong/impl1/big_scheme.v(113): </Dynamic>
            <Dynamic>rs_ff</Dynamic>
            <Navigation>e:/universum/semester-4/digilab/extra/pld_pong/impl1/big_scheme.v</Navigation>
            <Navigation>113</Navigation>
        </Message>
        <Message>
            <ID>35901232</ID>
            <Severity>Info</Severity>
            <Dynamic>e:/universum/semester-4/digilab/extra/pld_pong/impl1/big_scheme.v(113): </Dynamic>
            <Navigation>e:/universum/semester-4/digilab/extra/pld_pong/impl1/big_scheme.v</Navigation>
            <Navigation>113</Navigation>
        </Message>
        <Message>
            <ID>35901018</ID>
            <Severity>Info</Severity>
            <Dynamic>C:/lscc/diamond/3.10_x64/ispfpga/userware/NT/SYNTHESIS_HEADERS/machxo2.v(1120): </Dynamic>
            <Dynamic>VHI</Dynamic>
            <Navigation>C:/lscc/diamond/3.10_x64/ispfpga/userware/NT/SYNTHESIS_HEADERS/machxo2.v</Navigation>
            <Navigation>1120</Navigation>
        </Message>
        <Message>
            <ID>35901018</ID>
            <Severity>Info</Severity>
            <Dynamic>C:/lscc/diamond/3.10_x64/ispfpga/userware/NT/SYNTHESIS_HEADERS/machxo2.v(494): </Dynamic>
            <Dynamic>GSR</Dynamic>
            <Navigation>C:/lscc/diamond/3.10_x64/ispfpga/userware/NT/SYNTHESIS_HEADERS/machxo2.v</Navigation>
            <Navigation>494</Navigation>
        </Message>
        <Message>
            <ID>35901231</ID>
            <Severity>Info</Severity>
            <Dynamic>e:/universum/semester-4/digilab/extra/pld_pong/impl1/big_scheme.v(119): </Dynamic>
            <Dynamic>textmaster</Dynamic>
            <Navigation>e:/universum/semester-4/digilab/extra/pld_pong/impl1/big_scheme.v</Navigation>
            <Navigation>119</Navigation>
        </Message>
        <Message>
            <ID>35921251</ID>
            <Severity>Warning</Severity>
            <Dynamic>e:/universum/semester-4/digilab/extra/pld_pong/textmaster.vhd(17): </Dynamic>
            <Dynamic>start_state</Dynamic>
            <Navigation>e:/universum/semester-4/digilab/extra/pld_pong/textmaster.vhd</Navigation>
            <Navigation>17</Navigation>
        </Message>
        <Message>
            <ID>35921251</ID>
            <Severity>Warning</Severity>
            <Dynamic>e:/universum/semester-4/digilab/extra/pld_pong/textmaster.vhd(18): </Dynamic>
            <Dynamic>textspeed_clk</Dynamic>
            <Navigation>e:/universum/semester-4/digilab/extra/pld_pong/textmaster.vhd</Navigation>
            <Navigation>18</Navigation>
        </Message>
        <Message>
            <ID>35921251</ID>
            <Severity>Warning</Severity>
            <Dynamic>e:/universum/semester-4/digilab/extra/pld_pong/textmaster.vhd(29): </Dynamic>
            <Dynamic>start_state</Dynamic>
            <Navigation>e:/universum/semester-4/digilab/extra/pld_pong/textmaster.vhd</Navigation>
            <Navigation>29</Navigation>
        </Message>
        <Message>
            <ID>35921251</ID>
            <Severity>Warning</Severity>
            <Dynamic>e:/universum/semester-4/digilab/extra/pld_pong/textmaster.vhd(30): </Dynamic>
            <Dynamic>textspeed_clk</Dynamic>
            <Navigation>e:/universum/semester-4/digilab/extra/pld_pong/textmaster.vhd</Navigation>
            <Navigation>30</Navigation>
        </Message>
        <Message>
            <ID>35921251</ID>
            <Severity>Warning</Severity>
            <Dynamic>e:/universum/semester-4/digilab/extra/pld_pong/textmaster.vhd(41): </Dynamic>
            <Dynamic>start_state</Dynamic>
            <Navigation>e:/universum/semester-4/digilab/extra/pld_pong/textmaster.vhd</Navigation>
            <Navigation>41</Navigation>
        </Message>
        <Message>
            <ID>35921251</ID>
            <Severity>Warning</Severity>
            <Dynamic>e:/universum/semester-4/digilab/extra/pld_pong/textmaster.vhd(42): </Dynamic>
            <Dynamic>textspeed_clk</Dynamic>
            <Navigation>e:/universum/semester-4/digilab/extra/pld_pong/textmaster.vhd</Navigation>
            <Navigation>42</Navigation>
        </Message>
        <Message>
            <ID>35921613</ID>
            <Severity>Warning</Severity>
            <Dynamic>e:/universum/semester-4/digilab/extra/pld_pong/textmaster.vhd(59): </Dynamic>
            <Navigation>e:/universum/semester-4/digilab/extra/pld_pong/textmaster.vhd</Navigation>
            <Navigation>59</Navigation>
        </Message>
        <Message>
            <ID>35901232</ID>
            <Severity>Info</Severity>
            <Dynamic>e:/universum/semester-4/digilab/extra/pld_pong/impl1/big_scheme.v(119): </Dynamic>
            <Navigation>e:/universum/semester-4/digilab/extra/pld_pong/impl1/big_scheme.v</Navigation>
            <Navigation>119</Navigation>
        </Message>
        <Message>
            <ID>35901231</ID>
            <Severity>Info</Severity>
            <Dynamic>e:/universum/semester-4/digilab/extra/pld_pong/impl1/big_scheme.v(121): </Dynamic>
            <Dynamic>siebenseg_decoder</Dynamic>
            <Navigation>e:/universum/semester-4/digilab/extra/pld_pong/impl1/big_scheme.v</Navigation>
            <Navigation>121</Navigation>
        </Message>
        <Message>
            <ID>35901232</ID>
            <Severity>Info</Severity>
            <Dynamic>e:/universum/semester-4/digilab/extra/pld_pong/impl1/big_scheme.v(121): </Dynamic>
            <Navigation>e:/universum/semester-4/digilab/extra/pld_pong/impl1/big_scheme.v</Navigation>
            <Navigation>121</Navigation>
        </Message>
        <Message>
            <ID>35901231</ID>
            <Severity>Info</Severity>
            <Dynamic>e:/universum/semester-4/digilab/extra/pld_pong/impl1/big_scheme.v(124): </Dynamic>
            <Dynamic>anzeigenmux</Dynamic>
            <Navigation>e:/universum/semester-4/digilab/extra/pld_pong/impl1/big_scheme.v</Navigation>
            <Navigation>124</Navigation>
        </Message>
        <Message>
            <ID>35921251</ID>
            <Severity>Warning</Severity>
            <Dynamic>e:/universum/semester-4/digilab/extra/pld_pong/anzeigenmux.vhd(26): </Dynamic>
            <Dynamic>counter</Dynamic>
            <Navigation>e:/universum/semester-4/digilab/extra/pld_pong/anzeigenmux.vhd</Navigation>
            <Navigation>26</Navigation>
        </Message>
        <Message>
            <ID>35921251</ID>
            <Severity>Warning</Severity>
            <Dynamic>e:/universum/semester-4/digilab/extra/pld_pong/anzeigenmux.vhd(27): </Dynamic>
            <Dynamic>anz4</Dynamic>
            <Navigation>e:/universum/semester-4/digilab/extra/pld_pong/anzeigenmux.vhd</Navigation>
            <Navigation>27</Navigation>
        </Message>
        <Message>
            <ID>35921251</ID>
            <Severity>Warning</Severity>
            <Dynamic>e:/universum/semester-4/digilab/extra/pld_pong/anzeigenmux.vhd(28): </Dynamic>
            <Dynamic>anz3</Dynamic>
            <Navigation>e:/universum/semester-4/digilab/extra/pld_pong/anzeigenmux.vhd</Navigation>
            <Navigation>28</Navigation>
        </Message>
        <Message>
            <ID>35921251</ID>
            <Severity>Warning</Severity>
            <Dynamic>e:/universum/semester-4/digilab/extra/pld_pong/anzeigenmux.vhd(29): </Dynamic>
            <Dynamic>anz2</Dynamic>
            <Navigation>e:/universum/semester-4/digilab/extra/pld_pong/anzeigenmux.vhd</Navigation>
            <Navigation>29</Navigation>
        </Message>
        <Message>
            <ID>35921251</ID>
            <Severity>Warning</Severity>
            <Dynamic>e:/universum/semester-4/digilab/extra/pld_pong/anzeigenmux.vhd(30): </Dynamic>
            <Dynamic>anz1</Dynamic>
            <Navigation>e:/universum/semester-4/digilab/extra/pld_pong/anzeigenmux.vhd</Navigation>
            <Navigation>30</Navigation>
        </Message>
        <Message>
            <ID>35921613</ID>
            <Severity>Warning</Severity>
            <Dynamic>e:/universum/semester-4/digilab/extra/pld_pong/anzeigenmux.vhd(34): </Dynamic>
            <Navigation>e:/universum/semester-4/digilab/extra/pld_pong/anzeigenmux.vhd</Navigation>
            <Navigation>34</Navigation>
        </Message>
        <Message>
            <ID>35901232</ID>
            <Severity>Info</Severity>
            <Dynamic>e:/universum/semester-4/digilab/extra/pld_pong/impl1/big_scheme.v(124): </Dynamic>
            <Navigation>e:/universum/semester-4/digilab/extra/pld_pong/impl1/big_scheme.v</Navigation>
            <Navigation>124</Navigation>
        </Message>
        <Message>
            <ID>35901231</ID>
            <Severity>Info</Severity>
            <Dynamic>e:/universum/semester-4/digilab/extra/pld_pong/impl1/big_scheme.v(126): </Dynamic>
            <Dynamic>ClkGen</Dynamic>
            <Navigation>e:/universum/semester-4/digilab/extra/pld_pong/impl1/big_scheme.v</Navigation>
            <Navigation>126</Navigation>
        </Message>
        <Message>
            <ID>35921399</ID>
            <Severity>Info</Severity>
            <Dynamic>e:/universum/semester-4/digilab/extra/pld_pong/clkgen.vhd(39): </Dynamic>
            <Dynamic>OSCH</Dynamic>
            <Navigation>e:/universum/semester-4/digilab/extra/pld_pong/clkgen.vhd</Navigation>
            <Navigation>39</Navigation>
        </Message>
        <Message>
            <ID>35901018</ID>
            <Severity>Info</Severity>
            <Dynamic>C:/lscc/diamond/3.10_x64/ispfpga/userware/NT/SYNTHESIS_HEADERS/machxo2.v(1793): </Dynamic>
            <Dynamic>OSCH</Dynamic>
            <Navigation>C:/lscc/diamond/3.10_x64/ispfpga/userware/NT/SYNTHESIS_HEADERS/machxo2.v</Navigation>
            <Navigation>1793</Navigation>
        </Message>
        <Message>
            <ID>35921400</ID>
            <Severity>Info</Severity>
            <Dynamic>e:/universum/semester-4/digilab/extra/pld_pong/clkgen.vhd(39): </Dynamic>
            <Navigation>e:/universum/semester-4/digilab/extra/pld_pong/clkgen.vhd</Navigation>
            <Navigation>39</Navigation>
        </Message>
        <Message>
            <ID>35921399</ID>
            <Severity>Info</Severity>
            <Dynamic>e:/universum/semester-4/digilab/extra/pld_pong/ct.vhd(127): </Dynamic>
            <Dynamic>VHI</Dynamic>
            <Navigation>e:/universum/semester-4/digilab/extra/pld_pong/ct.vhd</Navigation>
            <Navigation>127</Navigation>
        </Message>
        <Message>
            <ID>35921400</ID>
            <Severity>Info</Severity>
            <Dynamic>e:/universum/semester-4/digilab/extra/pld_pong/ct.vhd(127): </Dynamic>
            <Navigation>e:/universum/semester-4/digilab/extra/pld_pong/ct.vhd</Navigation>
            <Navigation>127</Navigation>
        </Message>
        <Message>
            <ID>35921399</ID>
            <Severity>Info</Severity>
            <Dynamic>e:/universum/semester-4/digilab/extra/pld_pong/ct.vhd(130): </Dynamic>
            <Dynamic>VLO</Dynamic>
            <Navigation>e:/universum/semester-4/digilab/extra/pld_pong/ct.vhd</Navigation>
            <Navigation>130</Navigation>
        </Message>
        <Message>
            <ID>35901018</ID>
            <Severity>Info</Severity>
            <Dynamic>C:/lscc/diamond/3.10_x64/ispfpga/userware/NT/SYNTHESIS_HEADERS/machxo2.v(1124): </Dynamic>
            <Dynamic>VLO</Dynamic>
            <Navigation>C:/lscc/diamond/3.10_x64/ispfpga/userware/NT/SYNTHESIS_HEADERS/machxo2.v</Navigation>
            <Navigation>1124</Navigation>
        </Message>
        <Message>
            <ID>35921400</ID>
            <Severity>Info</Severity>
            <Dynamic>e:/universum/semester-4/digilab/extra/pld_pong/ct.vhd(130): </Dynamic>
            <Navigation>e:/universum/semester-4/digilab/extra/pld_pong/ct.vhd</Navigation>
            <Navigation>130</Navigation>
        </Message>
        <Message>
            <ID>35921399</ID>
            <Severity>Info</Severity>
            <Dynamic>e:/universum/semester-4/digilab/extra/pld_pong/ct.vhd(190): </Dynamic>
            <Dynamic>EFB</Dynamic>
            <Navigation>e:/universum/semester-4/digilab/extra/pld_pong/ct.vhd</Navigation>
            <Navigation>190</Navigation>
        </Message>
        <Message>
            <ID>35901018</ID>
            <Severity>Info</Severity>
            <Dynamic>C:/lscc/diamond/3.10_x64/ispfpga/userware/NT/SYNTHESIS_HEADERS/machxo2.v(1800): </Dynamic>
            <Dynamic>EFB(EFB_TC=&quot;ENABLED&quot;,DEV_DENSITY=&quot;256L&quot;,SPI_MODE=&quot;MASTER&quot;,TC_TOP_SET=5200,TC_OVERFLOW=&quot;DISABLED&quot;)</Dynamic>
            <Navigation>C:/lscc/diamond/3.10_x64/ispfpga/userware/NT/SYNTHESIS_HEADERS/machxo2.v</Navigation>
            <Navigation>1800</Navigation>
        </Message>
        <Message>
            <ID>35921400</ID>
            <Severity>Info</Severity>
            <Dynamic>e:/universum/semester-4/digilab/extra/pld_pong/ct.vhd(190): </Dynamic>
            <Navigation>e:/universum/semester-4/digilab/extra/pld_pong/ct.vhd</Navigation>
            <Navigation>190</Navigation>
        </Message>
        <Message>
            <ID>35901232</ID>
            <Severity>Info</Severity>
            <Dynamic>e:/universum/semester-4/digilab/extra/pld_pong/impl1/big_scheme.v(126): </Dynamic>
            <Navigation>e:/universum/semester-4/digilab/extra/pld_pong/impl1/big_scheme.v</Navigation>
            <Navigation>126</Navigation>
        </Message>
        <Message>
            <ID>35901231</ID>
            <Severity>Info</Severity>
            <Dynamic>e:/universum/semester-4/digilab/extra/pld_pong/impl1/big_scheme.v(131): </Dynamic>
            <Dynamic>pong_logik</Dynamic>
            <Navigation>e:/universum/semester-4/digilab/extra/pld_pong/impl1/big_scheme.v</Navigation>
            <Navigation>131</Navigation>
        </Message>
        <Message>
            <ID>35921251</ID>
            <Severity>Warning</Severity>
            <Dynamic>e:/universum/semester-4/digilab/extra/pld_pong/pong_logik.vhd(21): </Dynamic>
            <Dynamic>enable_pong</Dynamic>
            <Navigation>e:/universum/semester-4/digilab/extra/pld_pong/pong_logik.vhd</Navigation>
            <Navigation>21</Navigation>
        </Message>
        <Message>
            <ID>35921251</ID>
            <Severity>Warning</Severity>
            <Dynamic>e:/universum/semester-4/digilab/extra/pld_pong/pong_logik.vhd(132): </Dynamic>
            <Dynamic>machine_state</Dynamic>
            <Navigation>e:/universum/semester-4/digilab/extra/pld_pong/pong_logik.vhd</Navigation>
            <Navigation>132</Navigation>
        </Message>
        <Message>
            <ID>35921613</ID>
            <Severity>Warning</Severity>
            <Dynamic>e:/universum/semester-4/digilab/extra/pld_pong/pong_logik.vhd(144): </Dynamic>
            <Navigation>e:/universum/semester-4/digilab/extra/pld_pong/pong_logik.vhd</Navigation>
            <Navigation>144</Navigation>
        </Message>
        <Message>
            <ID>35901232</ID>
            <Severity>Info</Severity>
            <Dynamic>e:/universum/semester-4/digilab/extra/pld_pong/impl1/big_scheme.v(131): </Dynamic>
            <Navigation>e:/universum/semester-4/digilab/extra/pld_pong/impl1/big_scheme.v</Navigation>
            <Navigation>131</Navigation>
        </Message>
        <Message>
            <ID>35935034</ID>
            <Severity>Warning</Severity>
            <Dynamic>e:/universum/semester-4/digilab/extra/pld_pong/impl1/big_scheme.v(77): </Dynamic>
            <Dynamic>_6</Dynamic>
            <Navigation>e:/universum/semester-4/digilab/extra/pld_pong/impl1/big_scheme.v</Navigation>
            <Navigation>77</Navigation>
        </Message>
        <Message>
            <ID>35935034</ID>
            <Severity>Warning</Severity>
            <Dynamic>e:/universum/semester-4/digilab/extra/pld_pong/impl1/big_scheme.v(78): </Dynamic>
            <Dynamic>_7</Dynamic>
            <Navigation>e:/universum/semester-4/digilab/extra/pld_pong/impl1/big_scheme.v</Navigation>
            <Navigation>78</Navigation>
        </Message>
        <Message>
            <ID>35935034</ID>
            <Severity>Warning</Severity>
            <Dynamic>e:/universum/semester-4/digilab/extra/pld_pong/impl1/big_scheme.v(79): </Dynamic>
            <Dynamic>_8</Dynamic>
            <Navigation>e:/universum/semester-4/digilab/extra/pld_pong/impl1/big_scheme.v</Navigation>
            <Navigation>79</Navigation>
        </Message>
        <Message>
            <ID>35935034</ID>
            <Severity>Warning</Severity>
            <Dynamic>e:/universum/semester-4/digilab/extra/pld_pong/impl1/big_scheme.v(80): </Dynamic>
            <Dynamic>_9</Dynamic>
            <Navigation>e:/universum/semester-4/digilab/extra/pld_pong/impl1/big_scheme.v</Navigation>
            <Navigation>80</Navigation>
        </Message>
        <Message>
            <ID>35935034</ID>
            <Severity>Warning</Severity>
            <Dynamic>e:/universum/semester-4/digilab/extra/pld_pong/impl1/big_scheme.v(81): </Dynamic>
            <Dynamic>_10</Dynamic>
            <Navigation>e:/universum/semester-4/digilab/extra/pld_pong/impl1/big_scheme.v</Navigation>
            <Navigation>81</Navigation>
        </Message>
        <Message>
            <ID>35935034</ID>
            <Severity>Warning</Severity>
            <Dynamic>e:/universum/semester-4/digilab/extra/pld_pong/impl1/big_scheme.v(82): </Dynamic>
            <Dynamic>_11</Dynamic>
            <Navigation>e:/universum/semester-4/digilab/extra/pld_pong/impl1/big_scheme.v</Navigation>
            <Navigation>82</Navigation>
        </Message>
        <Message>
            <ID>35935034</ID>
            <Severity>Warning</Severity>
            <Dynamic>e:/universum/semester-4/digilab/extra/pld_pong/impl1/big_scheme.v(83): </Dynamic>
            <Dynamic>_12</Dynamic>
            <Navigation>e:/universum/semester-4/digilab/extra/pld_pong/impl1/big_scheme.v</Navigation>
            <Navigation>83</Navigation>
        </Message>
        <Message>
            <ID>35935034</ID>
            <Severity>Warning</Severity>
            <Dynamic>e:/universum/semester-4/digilab/extra/pld_pong/impl1/big_scheme.v(84): </Dynamic>
            <Dynamic>_13</Dynamic>
            <Navigation>e:/universum/semester-4/digilab/extra/pld_pong/impl1/big_scheme.v</Navigation>
            <Navigation>84</Navigation>
        </Message>
        <Message>
            <ID>35935034</ID>
            <Severity>Warning</Severity>
            <Dynamic>e:/universum/semester-4/digilab/extra/pld_pong/impl1/big_scheme.v(85): </Dynamic>
            <Dynamic>_14</Dynamic>
            <Navigation>e:/universum/semester-4/digilab/extra/pld_pong/impl1/big_scheme.v</Navigation>
            <Navigation>85</Navigation>
        </Message>
        <Message>
            <ID>35935034</ID>
            <Severity>Warning</Severity>
            <Dynamic>e:/universum/semester-4/digilab/extra/pld_pong/impl1/big_scheme.v(86): </Dynamic>
            <Dynamic>_15</Dynamic>
            <Navigation>e:/universum/semester-4/digilab/extra/pld_pong/impl1/big_scheme.v</Navigation>
            <Navigation>86</Navigation>
        </Message>
        <Message>
            <ID>35935034</ID>
            <Severity>Warning</Severity>
            <Dynamic>e:/universum/semester-4/digilab/extra/pld_pong/impl1/big_scheme.v(87): </Dynamic>
            <Dynamic>_16</Dynamic>
            <Navigation>e:/universum/semester-4/digilab/extra/pld_pong/impl1/big_scheme.v</Navigation>
            <Navigation>87</Navigation>
        </Message>
        <Message>
            <ID>35935034</ID>
            <Severity>Warning</Severity>
            <Dynamic>e:/universum/semester-4/digilab/extra/pld_pong/impl1/big_scheme.v(88): </Dynamic>
            <Dynamic>_17</Dynamic>
            <Navigation>e:/universum/semester-4/digilab/extra/pld_pong/impl1/big_scheme.v</Navigation>
            <Navigation>88</Navigation>
        </Message>
        <Message>
            <ID>35935034</ID>
            <Severity>Warning</Severity>
            <Dynamic>e:/universum/semester-4/digilab/extra/pld_pong/impl1/big_scheme.v(89): </Dynamic>
            <Dynamic>_18</Dynamic>
            <Navigation>e:/universum/semester-4/digilab/extra/pld_pong/impl1/big_scheme.v</Navigation>
            <Navigation>89</Navigation>
        </Message>
        <Message>
            <ID>35935034</ID>
            <Severity>Warning</Severity>
            <Dynamic>e:/universum/semester-4/digilab/extra/pld_pong/impl1/big_scheme.v(90): </Dynamic>
            <Dynamic>_19</Dynamic>
            <Navigation>e:/universum/semester-4/digilab/extra/pld_pong/impl1/big_scheme.v</Navigation>
            <Navigation>90</Navigation>
        </Message>
        <Message>
            <ID>35935034</ID>
            <Severity>Warning</Severity>
            <Dynamic>e:/universum/semester-4/digilab/extra/pld_pong/impl1/big_scheme.v(103): </Dynamic>
            <Dynamic>_20</Dynamic>
            <Navigation>e:/universum/semester-4/digilab/extra/pld_pong/impl1/big_scheme.v</Navigation>
            <Navigation>103</Navigation>
        </Message>
        <Message>
            <ID>35935034</ID>
            <Severity>Warning</Severity>
            <Dynamic>e:/universum/semester-4/digilab/extra/pld_pong/impl1/big_scheme.v(104): </Dynamic>
            <Dynamic>_21</Dynamic>
            <Navigation>e:/universum/semester-4/digilab/extra/pld_pong/impl1/big_scheme.v</Navigation>
            <Navigation>104</Navigation>
        </Message>
        <Message>
            <ID>35001774</ID>
            <Severity>Info</Severity>
            <Dynamic>\I7/machine_state</Dynamic>
            <Dynamic>one-hot</Dynamic>
        </Message>
        <Message>
            <ID>35001747</ID>
            <Severity>Warning</Severity>
            <Dynamic>0</Dynamic>
            <Dynamic>\I7/machine_state_FSM</Dynamic>
        </Message>
        <Message>
            <ID>35001747</ID>
            <Severity>Warning</Severity>
            <Dynamic>1</Dynamic>
            <Dynamic>\I7/machine_state_FSM</Dynamic>
        </Message>
        <Message>
            <ID>35001747</ID>
            <Severity>Warning</Severity>
            <Dynamic>2</Dynamic>
            <Dynamic>\I7/machine_state_FSM</Dynamic>
        </Message>
        <Message>
            <ID>35001747</ID>
            <Severity>Warning</Severity>
            <Dynamic>3</Dynamic>
            <Dynamic>\I7/machine_state_FSM</Dynamic>
        </Message>
        <Message>
            <ID>35001747</ID>
            <Severity>Warning</Severity>
            <Dynamic>4</Dynamic>
            <Dynamic>\I7/machine_state_FSM</Dynamic>
        </Message>
        <Message>
            <ID>35001747</ID>
            <Severity>Warning</Severity>
            <Dynamic>15</Dynamic>
            <Dynamic>\I7/machine_state_FSM</Dynamic>
        </Message>
        <Message>
            <ID>35001779</ID>
            <Severity>Warning</Severity>
            <Dynamic>\I19/the_toggler_32_817_818_set</Dynamic>
        </Message>
        <Message>
            <ID>35001752</ID>
            <Severity>Warning</Severity>
            <Dynamic>\I19/start_state_i1_825_826_reset</Dynamic>
        </Message>
        <Message>
            <ID>35001753</ID>
            <Severity>Warning</Severity>
            <Dynamic>\I19/the_toggler_32_817_818_set</Dynamic>
        </Message>
        <Message>
            <ID>35001611</ID>
            <Severity>Warning</Severity>
        </Message>
    </Task>
    <Task name="PAR">
        <Message>
            <ID>66011008</ID>
            <Severity>Warning</Severity>
            <Dynamic>
   Signal=p1butt_LED loads=17 clock_loads=1
   Signal=p2butt_LED loads=13 clock_loads=1
   Signal=clk200 loads=11 clock_loads=9
   Signal=clk1 loads=2 clock_loads=1
   Signal=I3/ClkOsc loads=1 clock_loads=1
   Signal=clk25 loads=5 clock_loads=1
   Signal=clk12q5 loads=4 clock_loads=1
   Signal=p2_butt_c loads=1 clock_loads   ....   ads=2 clock_loads=1
   Signal=I19/the_toggler_N_69 loads=1 clock_loads=1
   Signal=I19/start_state_1__N_53 loads=2 clock_loads=1
   Signal=N_84 loads=1 clock_loads=1</Dynamic>
        </Message>
        <Message>
            <ID>66011008</ID>
            <Severity>Warning</Severity>
            <Dynamic>
   Signal=p1butt_LED loads=17 clock_loads=1
   Signal=p2butt_LED loads=13 clock_loads=1
   Signal=clk200 loads=11 clock_loads=9
   Signal=clk1 loads=2 clock_loads=1
   Signal=I3/ClkOsc loads=1 clock_loads=1
   Signal=clk25 loads=5 clock_loads=1
   Signal=clk12q5 loads=4 clock_loads=1
   Signal=p2_butt_c loads=1 clock_loads   ....   ads=2 clock_loads=1
   Signal=I19/the_toggler_N_69 loads=1 clock_loads=1
   Signal=I19/start_state_1__N_53 loads=2 clock_loads=1
   Signal=N_84 loads=1 clock_loads=1</Dynamic>
        </Message>
    </Task>
</BaliMessageLog>